# Authored and repaired underground columns x,z,highestAffectedY; require one terrain block above.
# Excludes only 372 surface entrance columns; includes all 6679 underground columns.
-18,0,-4
-19,-1,-5
-19,0,-5
-19,1,-5
-18,-3,-5
-18,-2,-5
-18,2,-5
-18,3,-5
-20,-1,-6
-20,0,-6
-20,1,-6
-19,-3,-6
-19,-2,-6
-19,2,-6
-19,3,-6
-18,-4,-6
-18,4,-6
-21,-1,-7
-21,0,-7
-21,1,-7
-20,-3,-7
-20,-2,-7
-20,2,-7
-20,3,-7
-19,-4,-7
-19,4,-7
-18,-5,-7
-18,5,-7
-22,-1,-8
-22,0,-8
-22,1,-8
-21,-3,-8
-21,-2,-8
-21,2,-8
-21,3,-8
-20,-4,-8
-20,4,-8
-19,-5,-8
-19,5,-8
-23,-1,-9
-23,0,-9
-23,1,-9
-22,-3,-9
-22,-2,-9
-22,2,-9
-22,3,-9
-21,-4,-9
-21,4,-9
-20,-5,-9
-20,5,-9
-18,6,-9
-24,-1,-10
-24,0,-10
-24,1,-10
-23,-3,-10
-23,-2,-10
-23,2,-10
-23,3,-10
-22,-4,-10
-22,4,-10
-21,-5,-10
-21,5,-10
-19,-6,-10
-19,6,-10
-25,-1,-11
-25,0,-11
-25,1,-11
-24,-3,-11
-24,-2,-11
-24,2,-11
-24,3,-11
-23,-4,-11
-23,4,-11
-22,-5,-11
-22,5,-11
-20,-6,-11
-20,6,-11
-26,-1,-12
-26,0,-12
-26,1,-12
-25,-3,-12
-25,-2,-12
-25,2,-12
-25,3,-12
-24,-4,-12
-24,4,-12
-23,-5,-12
-23,5,-12
-21,-6,-12
-21,6,-12
-27,-1,-13
-27,0,-13
-27,1,-13
-26,-3,-13
-26,-2,-13
-26,2,-13
-26,3,-13
-25,-4,-13
-25,4,-13
-24,-5,-13
-24,5,-13
-22,-6,-13
-22,6,-13
-28,-1,-14
-28,0,-14
-28,1,-14
-27,-3,-14
-27,-2,-14
-27,2,-14
-27,3,-14
-26,-4,-14
-26,4,-14
-25,-5,-14
-25,5,-14
-23,-6,-14
-23,6,-14
-29,-1,-15
-29,0,-15
-29,1,-15
-28,-3,-15
-28,-2,-15
-28,2,-15
-28,3,-15
-27,-4,-15
-27,4,-15
-26,-5,-15
-26,5,-15
-24,-6,-15
-24,6,-15
-30,-1,-16
-30,0,-16
-30,1,-16
-29,-3,-16
-29,-2,-16
-29,2,-16
-29,3,-16
-28,-4,-16
-28,4,-16
-27,-5,-16
-27,5,-16
-25,-6,-16
-25,6,-16
-31,-1,-17
-31,0,-17
-31,1,-17
-30,-3,-17
-30,-2,-17
-30,2,-17
-30,3,-17
-29,-4,-17
-29,4,-17
-28,-5,-17
-28,5,-17
-26,-6,-17
-26,6,-17
-32,-1,-18
-32,0,-18
-32,1,-18
-31,-3,-18
-31,-2,-18
-31,2,-18
-31,3,-18
-30,-4,-18
-30,4,-18
-29,-5,-18
-29,5,-18
-27,-6,-18
-27,6,-18
-33,-1,-19
-33,0,-19
-33,1,-19
-32,-3,-19
-32,-2,-19
-32,2,-19
-32,3,-19
-31,-4,-19
-31,4,-19
-30,-5,-19
-30,5,-19
-28,-6,-19
-28,6,-19
-34,-1,-20
-34,0,-20
-34,1,-20
-33,-3,-20
-33,-2,-20
-33,2,-20
-33,3,-20
-32,-4,-20
-32,4,-20
-31,-5,-20
-31,5,-20
-29,-6,-20
-29,6,-20
-35,-1,-21
-35,0,-21
-35,1,-21
-34,-3,-21
-34,-2,-21
-34,2,-21
-34,3,-21
-33,-4,-21
-33,4,-21
-32,-5,-21
-32,5,-21
-30,-6,-21
-30,6,-21
-36,-1,-22
-36,0,-22
-36,1,-22
-35,-3,-22
-35,-2,-22
-35,2,-22
-35,3,-22
-34,-4,-22
-34,4,-22
-33,-5,-22
-33,5,-22
-31,-6,-22
-31,6,-22
-37,-1,-23
-37,0,-23
-37,1,-23
-36,-3,-23
-36,-2,-23
-36,2,-23
-36,3,-23
-35,-4,-23
-35,4,-23
-34,-5,-23
-34,5,-23
-32,-6,-23
-32,6,-23
-38,-1,-24
-38,0,-24
-38,1,-24
-37,-3,-24
-37,-2,-24
-37,2,-24
-37,3,-24
-36,-4,-24
-36,4,-24
-35,-5,-24
-35,5,-24
-33,-6,-24
-33,6,-24
-39,-1,-25
-39,0,-25
-39,1,-25
-38,-3,-25
-38,-2,-25
-38,2,-25
-38,3,-25
-37,-4,-25
-37,4,-25
-36,-5,-25
-36,5,-25
-34,-6,-25
-34,6,-25
-40,-1,-26
-40,0,-26
-40,1,-26
-39,-3,-26
-39,-2,-26
-39,2,-26
-39,3,-26
-38,-4,-26
-38,4,-26
-37,-5,-26
-37,5,-26
-35,-6,-26
-35,6,-26
-130,-39,-27
-130,-38,-27
-130,-37,-27
-130,-36,-27
-130,-35,-27
-130,-34,-27
-130,-33,-27
-130,-32,-27
-130,-31,-27
-130,-30,-27
-130,-29,-27
-130,-28,-27
-130,-27,-27
-130,-26,-27
-130,-25,-27
-130,-24,-27
-130,-23,-27
-130,-22,-27
-130,-21,-27
-130,-20,-27
-130,-19,-27
-130,-18,-27
-130,-17,-27
-130,-16,-27
-130,-15,-27
-130,-14,-27
-130,-13,-27
-130,-12,-27
-130,-11,-27
-130,-10,-27
-130,-9,-27
-130,-8,-27
-130,-7,-27
-130,-6,-27
-130,-5,-27
-130,-4,-27
-130,-3,-27
-130,-2,-27
-130,-1,-27
-130,0,-27
-130,1,-27
-130,2,-27
-130,3,-27
-130,4,-27
-130,5,-27
-130,6,-27
-130,7,-27
-130,8,-27
-130,9,-27
-130,10,-27
-130,11,-27
-130,12,-27
-130,13,-27
-130,14,-27
-130,15,-27
-130,16,-27
-130,17,-27
-130,18,-27
-130,19,-27
-130,20,-27
-130,21,-27
-130,22,-27
-130,23,-27
-130,24,-27
-130,25,-27
-130,26,-27
-130,27,-27
-130,28,-27
-130,29,-27
-130,30,-27
-130,31,-27
-130,32,-27
-130,33,-27
-130,34,-27
-130,35,-27
-130,36,-27
-129,-39,-27
-129,-38,-27
-129,-37,-27
-129,-35,-27
-129,-34,-27
-129,-33,-27
-129,-32,-27
-129,-31,-27
-129,-30,-27
-129,-29,-27
-129,-28,-27
-129,-27,-27
-129,-26,-27
-129,-25,-27
-129,-24,-27
-129,-23,-27
-129,-22,-27
-129,-21,-27
-129,-20,-27
-129,-19,-27
-129,-18,-27
-129,-17,-27
-129,-16,-27
-129,-15,-27
-129,-14,-27
-129,-13,-27
-129,-12,-27
-129,-11,-27
-129,-10,-27
-129,-9,-27
-129,-8,-27
-129,-7,-27
-129,-6,-27
-129,-5,-27
-129,-4,-27
-129,-3,-27
-129,-2,-27
-129,-1,-27
-129,0,-27
-129,1,-27
-129,2,-27
-129,3,-27
-129,4,-27
-129,5,-27
-129,6,-27
-129,7,-27
-129,8,-27
-129,9,-27
-129,10,-27
-129,11,-27
-129,12,-27
-129,13,-27
-129,14,-27
-129,15,-27
-129,16,-27
-129,17,-27
-129,18,-27
-129,19,-27
-129,20,-27
-129,21,-27
-129,22,-27
-129,23,-27
-129,24,-27
-129,25,-27
-129,26,-27
-129,27,-27
-129,28,-27
-129,29,-27
-129,30,-27
-129,31,-27
-129,32,-27
-129,33,-27
-129,34,-27
-129,35,-27
-129,36,-27
-129,37,-27
-129,38,-27
-128,-39,-27
-128,-38,-27
-128,-37,-27
-128,-35,-27
-128,-34,-27
-128,-33,-27
-128,-32,-27
-128,-31,-27
-128,-30,-27
-128,-29,-27
-128,-28,-27
-128,-27,-27
-128,-26,-27
-128,-25,-27
-128,-24,-27
-128,-23,-27
-128,-22,-27
-128,-21,-27
-128,-20,-27
-128,-19,-27
-128,-18,-27
-128,-17,-27
-128,-16,-27
-128,-15,-27
-128,-14,-27
-128,-13,-27
-128,-12,-27
-128,-11,-27
-128,-10,-27
-128,-9,-27
-128,-8,-27
-128,-7,-27
-128,-6,-27
-128,-5,-27
-128,-4,-27
-128,-3,-27
-128,-2,-27
-128,-1,-27
-128,0,-27
-128,1,-27
-128,2,-27
-128,3,-27
-128,4,-27
-128,5,-27
-128,6,-27
-128,7,-27
-128,8,-27
-128,9,-27
-128,10,-27
-128,11,-27
-128,12,-27
-128,13,-27
-128,14,-27
-128,15,-27
-128,16,-27
-128,17,-27
-128,18,-27
-128,19,-27
-128,20,-27
-128,21,-27
-128,22,-27
-128,23,-27
-128,24,-27
-128,25,-27
-128,26,-27
-128,27,-27
-128,28,-27
-128,29,-27
-128,30,-27
-128,31,-27
-128,32,-27
-128,33,-27
-128,34,-27
-128,35,-27
-128,36,-27
-128,37,-27
-127,-39,-27
-127,-38,-27
-127,-37,-27
-127,-36,-27
-127,-35,-27
-127,-34,-27
-127,-33,-27
-127,-32,-27
-127,-31,-27
-127,-30,-27
-127,-29,-27
-127,-28,-27
-127,-27,-27
-127,-26,-27
-127,-25,-27
-127,-24,-27
-127,-23,-27
-127,-22,-27
-127,-21,-27
-127,-20,-27
-127,-19,-27
-127,-18,-27
-127,-17,-27
-127,-16,-27
-127,-15,-27
-127,-14,-27
-127,-13,-27
-127,-12,-27
-127,-11,-27
-127,-10,-27
-127,-9,-27
-127,-8,-27
-127,-7,-27
-127,-6,-27
-127,-5,-27
-127,-4,-27
-127,-3,-27
-127,-2,-27
-127,-1,-27
-127,0,-27
-127,1,-27
-127,2,-27
-127,3,-27
-127,4,-27
-127,5,-27
-127,6,-27
-127,7,-27
-127,8,-27
-127,9,-27
-127,10,-27
-127,11,-27
-127,12,-27
-127,13,-27
-127,14,-27
-127,15,-27
-127,16,-27
-127,17,-27
-127,18,-27
-127,19,-27
-127,20,-27
-127,21,-27
-127,22,-27
-127,23,-27
-127,24,-27
-127,25,-27
-127,26,-27
-127,27,-27
-127,28,-27
-127,29,-27
-127,30,-27
-127,31,-27
-127,32,-27
-127,33,-27
-127,34,-27
-127,35,-27
-127,36,-27
-127,37,-27
-126,-39,-27
-126,-38,-27
-126,-37,-27
-126,-36,-27
-126,-35,-27
-126,-34,-27
-126,-33,-27
-126,-32,-27
-126,-31,-27
-126,-30,-27
-126,-29,-27
-126,-28,-27
-126,-27,-27
-126,-26,-27
-126,-25,-27
-126,-24,-27
-126,-23,-27
-126,-22,-27
-126,-21,-27
-126,-20,-27
-126,-19,-27
-126,-18,-27
-126,-17,-27
-126,-16,-27
-126,-15,-27
-126,-14,-27
-126,-13,-27
-126,-12,-27
-126,-11,-27
-126,-10,-27
-126,-9,-27
-126,-8,-27
-126,-7,-27
-126,-6,-27
-126,-5,-27
-126,-4,-27
-126,-3,-27
-126,-2,-27
-126,-1,-27
-126,0,-27
-126,1,-27
-126,2,-27
-126,3,-27
-126,4,-27
-126,5,-27
-126,6,-27
-126,7,-27
-126,8,-27
-126,9,-27
-126,10,-27
-126,11,-27
-126,12,-27
-126,13,-27
-126,14,-27
-126,15,-27
-126,16,-27
-126,17,-27
-126,18,-27
-126,19,-27
-126,20,-27
-126,21,-27
-126,22,-27
-126,23,-27
-126,24,-27
-126,25,-27
-126,26,-27
-126,27,-27
-126,28,-27
-126,29,-27
-126,30,-27
-126,31,-27
-126,32,-27
-126,33,-27
-126,34,-27
-126,35,-27
-126,36,-27
-126,37,-27
-125,-39,-27
-125,-38,-27
-125,-37,-27
-125,-36,-27
-125,-35,-27
-125,-34,-27
-125,-33,-27
-125,-32,-27
-125,-31,-27
-125,-30,-27
-125,-29,-27
-125,-28,-27
-125,-27,-27
-125,-26,-27
-125,-25,-27
-125,-24,-27
-125,-23,-27
-125,-22,-27
-125,-21,-27
-125,-20,-27
-125,-19,-27
-125,-18,-27
-125,-17,-27
-125,-16,-27
-125,-15,-27
-125,-14,-27
-125,-13,-27
-125,-12,-27
-125,-11,-27
-125,-10,-27
-125,-9,-27
-125,-8,-27
-125,-7,-27
-125,-6,-27
-125,-5,-27
-125,-4,-27
-125,-3,-27
-125,-2,-27
-125,-1,-27
-125,0,-27
-125,1,-27
-125,2,-27
-125,3,-27
-125,4,-27
-125,5,-27
-125,6,-27
-125,7,-27
-125,8,-27
-125,9,-27
-125,10,-27
-125,11,-27
-125,12,-27
-125,13,-27
-125,14,-27
-125,15,-27
-125,16,-27
-125,17,-27
-125,18,-27
-125,19,-27
-125,20,-27
-125,21,-27
-125,22,-27
-125,23,-27
-125,24,-27
-125,25,-27
-125,26,-27
-125,27,-27
-125,28,-27
-125,29,-27
-125,30,-27
-125,31,-27
-125,32,-27
-125,33,-27
-125,34,-27
-125,35,-27
-125,36,-27
-125,37,-27
-124,-39,-27
-124,-38,-27
-124,-37,-27
-124,-36,-27
-124,-35,-27
-124,-34,-27
-124,-33,-27
-124,-32,-27
-124,-31,-27
-124,-30,-27
-124,-29,-27
-124,-28,-27
-124,-27,-27
-124,-26,-27
-124,-25,-27
-124,-24,-27
-124,-23,-27
-124,-22,-27
-124,-21,-27
-124,-20,-27
-124,-19,-27
-124,-18,-27
-124,-17,-27
-124,-16,-27
-124,-15,-27
-124,-14,-27
-124,-13,-27
-124,-12,-27
-124,-11,-27
-124,-10,-27
-124,-9,-27
-124,-8,-27
-124,-7,-27
-124,-6,-27
-124,-5,-27
-124,-4,-27
-124,-3,-27
-124,-2,-27
-124,-1,-27
-124,0,-27
-124,1,-27
-124,2,-27
-124,3,-27
-124,4,-27
-124,5,-27
-124,6,-27
-124,7,-27
-124,8,-27
-124,9,-27
-124,10,-27
-124,11,-27
-124,12,-27
-124,13,-27
-124,14,-27
-124,15,-27
-124,16,-27
-124,17,-27
-124,18,-27
-124,19,-27
-124,20,-27
-124,21,-27
-124,22,-27
-124,23,-27
-124,24,-27
-124,25,-27
-124,26,-27
-124,27,-27
-124,28,-27
-124,29,-27
-124,30,-27
-124,31,-27
-124,32,-27
-124,33,-27
-124,34,-27
-124,35,-27
-124,36,-27
-124,37,-27
-123,-39,-27
-123,-38,-27
-123,-37,-27
-123,-36,-27
-123,-35,-27
-123,-34,-27
-123,-33,-27
-123,-32,-27
-123,-31,-27
-123,-30,-27
-123,-29,-27
-123,-28,-27
-123,-27,-27
-123,-26,-27
-123,-25,-27
-123,-24,-27
-123,-23,-27
-123,-22,-27
-123,-21,-27
-123,-20,-27
-123,-19,-27
-123,-18,-27
-123,-17,-27
-123,-16,-27
-123,-15,-27
-123,-14,-27
-123,-13,-27
-123,-12,-27
-123,-11,-27
-123,-10,-27
-123,-9,-27
-123,-8,-27
-123,-7,-27
-123,-6,-27
-123,-5,-27
-123,-4,-27
-123,-3,-27
-123,-2,-27
-123,-1,-27
-123,0,-27
-123,1,-27
-123,2,-27
-123,3,-27
-123,4,-27
-123,5,-27
-123,6,-27
-123,7,-27
-123,8,-27
-123,9,-27
-123,10,-27
-123,11,-27
-123,12,-27
-123,13,-27
-123,14,-27
-123,15,-27
-123,16,-27
-123,17,-27
-123,18,-27
-123,19,-27
-123,20,-27
-123,21,-27
-123,22,-27
-123,23,-27
-123,24,-27
-123,25,-27
-123,26,-27
-123,27,-27
-123,28,-27
-123,29,-27
-123,30,-27
-123,31,-27
-123,32,-27
-123,33,-27
-123,34,-27
-123,35,-27
-123,36,-27
-123,37,-27
-122,-39,-27
-122,-38,-27
-122,-37,-27
-122,-36,-27
-122,-35,-27
-122,-34,-27
-122,-33,-27
-122,-32,-27
-122,-31,-27
-122,-30,-27
-122,-29,-27
-122,-28,-27
-122,-27,-27
-122,-26,-27
-122,-25,-27
-122,-24,-27
-122,-23,-27
-122,-22,-27
-122,-21,-27
-122,-20,-27
-122,-19,-27
-122,-18,-27
-122,-17,-27
-122,-16,-27
-122,-15,-27
-122,-14,-27
-122,-13,-27
-122,-12,-27
-122,-11,-27
-122,-10,-27
-122,-9,-27
-122,-8,-27
-122,-7,-27
-122,-6,-27
-122,-5,-27
-122,-4,-27
-122,-3,-27
-122,-2,-27
-122,-1,-27
-122,0,-27
-122,1,-27
-122,2,-27
-122,3,-27
-122,4,-27
-122,5,-27
-122,6,-27
-122,7,-27
-122,8,-27
-122,9,-27
-122,10,-27
-122,11,-27
-122,12,-27
-122,13,-27
-122,14,-27
-122,15,-27
-122,16,-27
-122,17,-27
-122,18,-27
-122,19,-27
-122,20,-27
-122,21,-27
-122,22,-27
-122,23,-27
-122,24,-27
-122,25,-27
-122,26,-27
-122,27,-27
-122,28,-27
-122,29,-27
-122,30,-27
-122,31,-27
-122,32,-27
-122,33,-27
-122,34,-27
-122,35,-27
-122,36,-27
-122,37,-27
-121,-39,-27
-121,-38,-27
-121,-37,-27
-121,-36,-27
-121,-35,-27
-121,-34,-27
-121,-33,-27
-121,-32,-27
-121,-31,-27
-121,-30,-27
-121,-29,-27
-121,-28,-27
-121,-27,-27
-121,-26,-27
-121,-25,-27
-121,-24,-27
-121,-23,-27
-121,-22,-27
-121,-21,-27
-121,-20,-27
-121,-19,-27
-121,-18,-27
-121,-17,-27
-121,-16,-27
-121,-15,-27
-121,-14,-27
-121,-13,-27
-121,-12,-27
-121,-11,-27
-121,-10,-27
-121,-9,-27
-121,-8,-27
-121,-7,-27
-121,-6,-27
-121,-5,-27
-121,-4,-27
-121,-3,-27
-121,-2,-27
-121,-1,-27
-121,0,-27
-121,1,-27
-121,2,-27
-121,3,-27
-121,4,-27
-121,5,-27
-121,6,-27
-121,7,-27
-121,8,-27
-121,9,-27
-121,10,-27
-121,11,-27
-121,12,-27
-121,13,-27
-121,14,-27
-121,15,-27
-121,16,-27
-121,17,-27
-121,18,-27
-121,19,-27
-121,20,-27
-121,21,-27
-121,22,-27
-121,23,-27
-121,24,-27
-121,25,-27
-121,26,-27
-121,27,-27
-121,28,-27
-121,29,-27
-121,30,-27
-121,31,-27
-121,32,-27
-121,33,-27
-121,34,-27
-121,35,-27
-121,36,-27
-121,37,-27
-120,-39,-27
-120,-38,-27
-120,-37,-27
-120,-36,-27
-120,-35,-27
-120,-34,-27
-120,-33,-27
-120,-32,-27
-120,-31,-27
-120,-30,-27
-120,-29,-27
-120,-28,-27
-120,-27,-27
-120,-26,-27
-120,-25,-27
-120,-24,-27
-120,-23,-27
-120,-22,-27
-120,-21,-27
-120,-20,-27
-120,-19,-27
-120,-18,-27
-120,-17,-27
-120,-16,-27
-120,-15,-27
-120,-14,-27
-120,-13,-27
-120,-12,-27
-120,-11,-27
-120,-10,-27
-120,-9,-27
-120,-8,-27
-120,-7,-27
-120,-6,-27
-120,-5,-27
-120,-4,-27
-120,-3,-27
-120,-2,-27
-120,-1,-27
-120,0,-27
-120,1,-27
-120,2,-27
-120,3,-27
-120,4,-27
-120,5,-27
-120,6,-27
-120,7,-27
-120,8,-27
-120,9,-27
-120,10,-27
-120,11,-27
-120,12,-27
-120,13,-27
-120,14,-27
-120,15,-27
-120,16,-27
-120,17,-27
-120,18,-27
-120,19,-27
-120,20,-27
-120,21,-27
-120,22,-27
-120,23,-27
-120,24,-27
-120,25,-27
-120,26,-27
-120,27,-27
-120,28,-27
-120,29,-27
-120,30,-27
-120,31,-27
-120,32,-27
-120,33,-27
-120,34,-27
-120,35,-27
-120,36,-27
-120,37,-27
-119,-39,-27
-119,-38,-27
-119,-37,-27
-119,-36,-27
-119,-35,-27
-119,-34,-27
-119,-33,-27
-119,-32,-27
-119,-31,-27
-119,-30,-27
-119,-29,-27
-119,-28,-27
-119,-27,-27
-119,-26,-27
-119,-25,-27
-119,-24,-27
-119,-23,-27
-119,-22,-27
-119,-21,-27
-119,-20,-27
-119,-19,-27
-119,-18,-27
-119,-17,-27
-119,-16,-27
-119,-15,-27
-119,-14,-27
-119,-13,-27
-119,-12,-27
-119,-11,-27
-119,-10,-27
-119,-9,-27
-119,-8,-27
-119,-7,-27
-119,-6,-27
-119,-5,-27
-119,-4,-27
-119,-3,-27
-119,-2,-27
-119,-1,-27
-119,0,-27
-119,1,-27
-119,2,-27
-119,3,-27
-119,4,-27
-119,5,-27
-119,6,-27
-119,7,-27
-119,8,-27
-119,9,-27
-119,10,-27
-119,11,-27
-119,12,-27
-119,13,-27
-119,14,-27
-119,15,-27
-119,16,-27
-119,17,-27
-119,18,-27
-119,19,-27
-119,20,-27
-119,21,-27
-119,22,-27
-119,23,-27
-119,24,-27
-119,25,-27
-119,26,-27
-119,27,-27
-119,28,-27
-119,29,-27
-119,30,-27
-119,31,-27
-119,32,-27
-119,33,-27
-119,34,-27
-119,35,-27
-119,36,-27
-119,37,-27
-118,-39,-27
-118,-38,-27
-118,-37,-27
-118,-36,-27
-118,-35,-27
-118,-34,-27
-118,-33,-27
-118,-32,-27
-118,-31,-27
-118,-30,-27
-118,-29,-27
-118,-28,-27
-118,-27,-27
-118,-26,-27
-118,-25,-27
-118,-24,-27
-118,-23,-27
-118,-22,-27
-118,-21,-27
-118,-20,-27
-118,-19,-27
-118,-18,-27
-118,-17,-27
-118,-16,-27
-118,-15,-27
-118,-14,-27
-118,-13,-27
-118,-12,-27
-118,-11,-27
-118,-10,-27
-118,-9,-27
-118,-8,-27
-118,-7,-27
-118,-6,-27
-118,-5,-27
-118,-4,-27
-118,-3,-27
-118,-2,-27
-118,-1,-27
-118,0,-27
-118,1,-27
-118,2,-27
-118,3,-27
-118,4,-27
-118,5,-27
-118,6,-27
-118,7,-27
-118,8,-27
-118,9,-27
-118,10,-27
-118,11,-27
-118,12,-27
-118,13,-27
-118,14,-27
-118,15,-27
-118,16,-27
-118,17,-27
-118,18,-27
-118,19,-27
-118,20,-27
-118,21,-27
-118,22,-27
-118,23,-27
-118,24,-27
-118,25,-27
-118,26,-27
-118,27,-27
-118,28,-27
-118,29,-27
-118,30,-27
-118,31,-27
-118,32,-27
-118,33,-27
-118,34,-27
-118,35,-27
-118,36,-27
-118,37,-27
-117,-39,-27
-117,-38,-27
-117,-37,-27
-117,-36,-27
-117,-35,-27
-117,-34,-27
-117,-33,-27
-117,-32,-27
-117,-31,-27
-117,-30,-27
-117,-29,-27
-117,-28,-27
-117,-27,-27
-117,-26,-27
-117,-25,-27
-117,-24,-27
-117,-23,-27
-117,-22,-27
-117,-21,-27
-117,-20,-27
-117,-19,-27
-117,-18,-27
-117,-17,-27
-117,-16,-27
-117,-15,-27
-117,-14,-27
-117,-13,-27
-117,-12,-27
-117,-11,-27
-117,-10,-27
-117,-9,-27
-117,-8,-27
-117,-7,-27
-117,-6,-27
-117,-5,-27
-117,-4,-27
-117,-3,-27
-117,-2,-27
-117,-1,-27
-117,0,-27
-117,1,-27
-117,2,-27
-117,3,-27
-117,4,-27
-117,5,-27
-117,6,-27
-117,7,-27
-117,8,-27
-117,9,-27
-117,10,-27
-117,11,-27
-117,12,-27
-117,13,-27
-117,14,-27
-117,15,-27
-117,16,-27
-117,17,-27
-117,18,-27
-117,19,-27
-117,20,-27
-117,21,-27
-117,22,-27
-117,23,-27
-117,24,-27
-117,25,-27
-117,26,-27
-117,27,-27
-117,28,-27
-117,29,-27
-117,30,-27
-117,31,-27
-117,32,-27
-117,33,-27
-117,34,-27
-117,35,-27
-117,36,-27
-117,37,-27
-116,-39,-27
-116,-38,-27
-116,-37,-27
-116,-36,-27
-116,-35,-27
-116,-34,-27
-116,-33,-27
-116,-32,-27
-116,-31,-27
-116,-30,-27
-116,-29,-27
-116,-28,-27
-116,-27,-27
-116,-26,-27
-116,-25,-27
-116,-24,-27
-116,-23,-27
-116,-22,-27
-116,-21,-27
-116,-20,-27
-116,-19,-27
-116,-18,-27
-116,-17,-27
-116,-16,-27
-116,-15,-27
-116,-14,-27
-116,-13,-27
-116,-12,-27
-116,-11,-27
-116,-10,-27
-116,-9,-27
-116,-8,-27
-116,-7,-27
-116,-6,-27
-116,-5,-27
-116,-4,-27
-116,-3,-27
-116,-2,-27
-116,-1,-27
-116,0,-27
-116,1,-27
-116,2,-27
-116,3,-27
-116,4,-27
-116,5,-27
-116,6,-27
-116,7,-27
-116,8,-27
-116,9,-27
-116,10,-27
-116,11,-27
-116,12,-27
-116,13,-27
-116,14,-27
-116,15,-27
-116,16,-27
-116,17,-27
-116,18,-27
-116,19,-27
-116,20,-27
-116,21,-27
-116,22,-27
-116,23,-27
-116,24,-27
-116,25,-27
-116,26,-27
-116,27,-27
-116,28,-27
-116,29,-27
-116,30,-27
-116,31,-27
-116,32,-27
-116,33,-27
-116,34,-27
-116,35,-27
-116,36,-27
-116,37,-27
-115,-39,-27
-115,-38,-27
-115,-37,-27
-115,-36,-27
-115,-35,-27
-115,-34,-27
-115,-33,-27
-115,-32,-27
-115,-31,-27
-115,-30,-27
-115,-29,-27
-115,-28,-27
-115,-27,-27
-115,-26,-27
-115,-25,-27
-115,-24,-27
-115,-23,-27
-115,-22,-27
-115,-21,-27
-115,-20,-27
-115,-19,-27
-115,-18,-27
-115,-17,-27
-115,-16,-27
-115,-15,-27
-115,-14,-27
-115,-13,-27
-115,-12,-27
-115,-11,-27
-115,-10,-27
-115,-9,-27
-115,-8,-27
-115,-7,-27
-115,-6,-27
-115,-5,-27
-115,-4,-27
-115,-3,-27
-115,-2,-27
-115,-1,-27
-115,0,-27
-115,1,-27
-115,2,-27
-115,3,-27
-115,4,-27
-115,5,-27
-115,6,-27
-115,7,-27
-115,8,-27
-115,9,-27
-115,10,-27
-115,11,-27
-115,12,-27
-115,13,-27
-115,14,-27
-115,15,-27
-115,16,-27
-115,17,-27
-115,18,-27
-115,19,-27
-115,20,-27
-115,21,-27
-115,22,-27
-115,23,-27
-115,24,-27
-115,25,-27
-115,26,-27
-115,27,-27
-115,28,-27
-115,29,-27
-115,30,-27
-115,31,-27
-115,32,-27
-115,33,-27
-115,34,-27
-115,35,-27
-115,36,-27
-115,37,-27
-114,-39,-27
-114,-38,-27
-114,-37,-27
-114,-36,-27
-114,-35,-27
-114,-34,-27
-114,-33,-27
-114,-32,-27
-114,-31,-27
-114,-30,-27
-114,-29,-27
-114,-28,-27
-114,-27,-27
-114,-26,-27
-114,-25,-27
-114,-24,-27
-114,-23,-27
-114,-22,-27
-114,-21,-27
-114,-20,-27
-114,-19,-27
-114,-18,-27
-114,-17,-27
-114,-16,-27
-114,-15,-27
-114,-14,-27
-114,-13,-27
-114,-12,-27
-114,-11,-27
-114,-10,-27
-114,-9,-27
-114,-8,-27
-114,-7,-27
-114,-6,-27
-114,-5,-27
-114,-4,-27
-114,-3,-27
-114,-2,-27
-114,-1,-27
-114,0,-27
-114,1,-27
-114,2,-27
-114,3,-27
-114,4,-27
-114,5,-27
-114,6,-27
-114,7,-27
-114,8,-27
-114,9,-27
-114,10,-27
-114,11,-27
-114,12,-27
-114,13,-27
-114,14,-27
-114,15,-27
-114,16,-27
-114,17,-27
-114,18,-27
-114,19,-27
-114,20,-27
-114,21,-27
-114,22,-27
-114,23,-27
-114,24,-27
-114,25,-27
-114,26,-27
-114,27,-27
-114,28,-27
-114,29,-27
-114,30,-27
-114,31,-27
-114,32,-27
-114,33,-27
-114,34,-27
-114,35,-27
-114,36,-27
-114,37,-27
-113,-39,-27
-113,-38,-27
-113,-37,-27
-113,-36,-27
-113,-35,-27
-113,-34,-27
-113,-33,-27
-113,-32,-27
-113,-31,-27
-113,-30,-27
-113,-29,-27
-113,-28,-27
-113,-27,-27
-113,-26,-27
-113,-25,-27
-113,-24,-27
-113,-23,-27
-113,-22,-27
-113,-21,-27
-113,-20,-27
-113,-19,-27
-113,-18,-27
-113,-17,-27
-113,-16,-27
-113,-15,-27
-113,-14,-27
-113,-13,-27
-113,-12,-27
-113,-11,-27
-113,-10,-27
-113,-9,-27
-113,-8,-27
-113,-7,-27
-113,-6,-27
-113,-5,-27
-113,-4,-27
-113,-3,-27
-113,-2,-27
-113,-1,-27
-113,0,-27
-113,1,-27
-113,2,-27
-113,3,-27
-113,4,-27
-113,5,-27
-113,6,-27
-113,7,-27
-113,8,-27
-113,9,-27
-113,10,-27
-113,11,-27
-113,12,-27
-113,13,-27
-113,14,-27
-113,15,-27
-113,16,-27
-113,17,-27
-113,18,-27
-113,19,-27
-113,20,-27
-113,21,-27
-113,22,-27
-113,23,-27
-113,24,-27
-113,25,-27
-113,26,-27
-113,27,-27
-113,28,-27
-113,29,-27
-113,30,-27
-113,31,-27
-113,32,-27
-113,33,-27
-113,34,-27
-113,35,-27
-113,36,-27
-113,37,-27
-112,-39,-27
-112,-38,-27
-112,-37,-27
-112,-36,-27
-112,-35,-27
-112,-34,-27
-112,-33,-27
-112,-32,-27
-112,-31,-27
-112,-30,-27
-112,-29,-27
-112,-28,-27
-112,-27,-27
-112,-26,-27
-112,-25,-27
-112,-24,-27
-112,-23,-27
-112,-22,-27
-112,-21,-27
-112,-20,-27
-112,-19,-27
-112,-18,-27
-112,-17,-27
-112,-16,-27
-112,-15,-27
-112,-14,-27
-112,-13,-27
-112,-12,-27
-112,-11,-27
-112,-10,-27
-112,-9,-27
-112,-8,-27
-112,-7,-27
-112,-6,-27
-112,-5,-27
-112,-4,-27
-112,-3,-27
-112,-2,-27
-112,-1,-27
-112,0,-27
-112,1,-27
-112,2,-27
-112,3,-27
-112,4,-27
-112,5,-27
-112,6,-27
-112,7,-27
-112,8,-27
-112,9,-27
-112,10,-27
-112,11,-27
-112,12,-27
-112,13,-27
-112,14,-27
-112,15,-27
-112,16,-27
-112,17,-27
-112,18,-27
-112,19,-27
-112,20,-27
-112,21,-27
-112,22,-27
-112,23,-27
-112,24,-27
-112,25,-27
-112,26,-27
-112,27,-27
-112,28,-27
-112,29,-27
-112,30,-27
-112,31,-27
-112,32,-27
-112,33,-27
-112,34,-27
-112,35,-27
-112,36,-27
-112,37,-27
-111,-39,-27
-111,-38,-27
-111,-37,-27
-111,-36,-27
-111,-35,-27
-111,-34,-27
-111,-33,-27
-111,-32,-27
-111,-31,-27
-111,-30,-27
-111,-29,-27
-111,-28,-27
-111,-27,-27
-111,-26,-27
-111,-25,-27
-111,-24,-27
-111,-23,-27
-111,-22,-27
-111,-21,-27
-111,-20,-27
-111,-19,-27
-111,-18,-27
-111,-17,-27
-111,-16,-27
-111,-15,-27
-111,-14,-27
-111,-13,-27
-111,-12,-27
-111,-11,-27
-111,-10,-27
-111,-9,-27
-111,-8,-27
-111,-7,-27
-111,-6,-27
-111,-5,-27
-111,-4,-27
-111,-3,-27
-111,-2,-27
-111,-1,-27
-111,0,-27
-111,1,-27
-111,2,-27
-111,3,-27
-111,4,-27
-111,5,-27
-111,6,-27
-111,7,-27
-111,8,-27
-111,9,-27
-111,10,-27
-111,11,-27
-111,12,-27
-111,13,-27
-111,14,-27
-111,15,-27
-111,16,-27
-111,17,-27
-111,18,-27
-111,19,-27
-111,20,-27
-111,21,-27
-111,22,-27
-111,23,-27
-111,24,-27
-111,25,-27
-111,26,-27
-111,27,-27
-111,28,-27
-111,29,-27
-111,30,-27
-111,31,-27
-111,32,-27
-111,33,-27
-111,34,-27
-111,35,-27
-111,36,-27
-111,37,-27
-110,-39,-27
-110,-38,-27
-110,-37,-27
-110,-36,-27
-110,-35,-27
-110,-34,-27
-110,-33,-27
-110,-32,-27
-110,-31,-27
-110,-30,-27
-110,-29,-27
-110,-28,-27
-110,-27,-27
-110,-26,-27
-110,-25,-27
-110,-24,-27
-110,-23,-27
-110,-22,-27
-110,-21,-27
-110,-20,-27
-110,-19,-27
-110,-18,-27
-110,-17,-27
-110,-16,-27
-110,-15,-27
-110,-14,-27
-110,-13,-27
-110,-12,-27
-110,-11,-27
-110,-10,-27
-110,-9,-27
-110,-8,-27
-110,-7,-27
-110,-6,-27
-110,-5,-27
-110,-4,-27
-110,-3,-27
-110,-2,-27
-110,-1,-27
-110,0,-27
-110,1,-27
-110,2,-27
-110,3,-27
-110,4,-27
-110,5,-27
-110,6,-27
-110,7,-27
-110,8,-27
-110,9,-27
-110,10,-27
-110,11,-27
-110,12,-27
-110,13,-27
-110,14,-27
-110,15,-27
-110,16,-27
-110,17,-27
-110,18,-27
-110,19,-27
-110,20,-27
-110,21,-27
-110,22,-27
-110,23,-27
-110,24,-27
-110,25,-27
-110,26,-27
-110,27,-27
-110,28,-27
-110,29,-27
-110,30,-27
-110,31,-27
-110,32,-27
-110,33,-27
-110,34,-27
-110,35,-27
-110,36,-27
-110,37,-27
-109,-39,-27
-109,-38,-27
-109,-37,-27
-109,-36,-27
-109,-35,-27
-109,-34,-27
-109,-33,-27
-109,-32,-27
-109,-31,-27
-109,-30,-27
-109,-29,-27
-109,-28,-27
-109,-27,-27
-109,-26,-27
-109,-25,-27
-109,-24,-27
-109,-23,-27
-109,-22,-27
-109,-21,-27
-109,-20,-27
-109,-19,-27
-109,-18,-27
-109,-17,-27
-109,-16,-27
-109,-15,-27
-109,-14,-27
-109,-13,-27
-109,-12,-27
-109,-11,-27
-109,-10,-27
-109,-9,-27
-109,-8,-27
-109,-7,-27
-109,-6,-27
-109,-5,-27
-109,-4,-27
-109,-3,-27
-109,-2,-27
-109,-1,-27
-109,0,-27
-109,1,-27
-109,2,-27
-109,3,-27
-109,4,-27
-109,5,-27
-109,6,-27
-109,7,-27
-109,8,-27
-109,9,-27
-109,10,-27
-109,11,-27
-109,12,-27
-109,13,-27
-109,14,-27
-109,15,-27
-109,16,-27
-109,17,-27
-109,18,-27
-109,19,-27
-109,20,-27
-109,21,-27
-109,22,-27
-109,23,-27
-109,24,-27
-109,25,-27
-109,26,-27
-109,27,-27
-109,28,-27
-109,29,-27
-109,30,-27
-109,31,-27
-109,32,-27
-109,33,-27
-109,34,-27
-109,35,-27
-109,36,-27
-109,37,-27
-108,-39,-27
-108,-38,-27
-108,-37,-27
-108,-36,-27
-108,-35,-27
-108,-34,-27
-108,-33,-27
-108,-32,-27
-108,-31,-27
-108,-30,-27
-108,-29,-27
-108,-28,-27
-108,-27,-27
-108,-26,-27
-108,-25,-27
-108,-24,-27
-108,-23,-27
-108,-22,-27
-108,-21,-27
-108,-20,-27
-108,-19,-27
-108,-18,-27
-108,-17,-27
-108,-16,-27
-108,-15,-27
-108,-14,-27
-108,-13,-27
-108,-12,-27
-108,-11,-27
-108,-10,-27
-108,-9,-27
-108,-8,-27
-108,-7,-27
-108,-6,-27
-108,-5,-27
-108,-4,-27
-108,-3,-27
-108,-2,-27
-108,-1,-27
-108,0,-27
-108,1,-27
-108,2,-27
-108,3,-27
-108,4,-27
-108,5,-27
-108,6,-27
-108,7,-27
-108,8,-27
-108,9,-27
-108,10,-27
-108,11,-27
-108,12,-27
-108,13,-27
-108,14,-27
-108,15,-27
-108,16,-27
-108,17,-27
-108,18,-27
-108,19,-27
-108,20,-27
-108,21,-27
-108,22,-27
-108,23,-27
-108,24,-27
-108,25,-27
-108,26,-27
-108,27,-27
-108,28,-27
-108,29,-27
-108,30,-27
-108,31,-27
-108,32,-27
-108,33,-27
-108,34,-27
-108,35,-27
-108,36,-27
-108,37,-27
-107,-39,-27
-107,-38,-27
-107,-37,-27
-107,-36,-27
-107,-35,-27
-107,-34,-27
-107,-33,-27
-107,-32,-27
-107,-31,-27
-107,-30,-27
-107,-29,-27
-107,-28,-27
-107,-27,-27
-107,-26,-27
-107,-25,-27
-107,-24,-27
-107,-23,-27
-107,-22,-27
-107,-21,-27
-107,-20,-27
-107,-19,-27
-107,-18,-27
-107,-17,-27
-107,-16,-27
-107,-15,-27
-107,-14,-27
-107,-13,-27
-107,-12,-27
-107,-11,-27
-107,-10,-27
-107,-9,-27
-107,-8,-27
-107,-7,-27
-107,-6,-27
-107,-5,-27
-107,-4,-27
-107,-3,-27
-107,-2,-27
-107,-1,-27
-107,0,-27
-107,1,-27
-107,2,-27
-107,3,-27
-107,4,-27
-107,5,-27
-107,6,-27
-107,7,-27
-107,8,-27
-107,9,-27
-107,10,-27
-107,11,-27
-107,12,-27
-107,13,-27
-107,14,-27
-107,15,-27
-107,16,-27
-107,17,-27
-107,18,-27
-107,19,-27
-107,20,-27
-107,21,-27
-107,22,-27
-107,23,-27
-107,24,-27
-107,25,-27
-107,26,-27
-107,27,-27
-107,28,-27
-107,29,-27
-107,30,-27
-107,31,-27
-107,32,-27
-107,33,-27
-107,34,-27
-107,35,-27
-107,36,-27
-107,37,-27
-106,-39,-27
-106,-38,-27
-106,-37,-27
-106,-36,-27
-106,-35,-27
-106,-34,-27
-106,-33,-27
-106,-32,-27
-106,-31,-27
-106,-30,-27
-106,-29,-27
-106,-28,-27
-106,-27,-27
-106,-26,-27
-106,-25,-27
-106,-24,-27
-106,-23,-27
-106,-22,-27
-106,-21,-27
-106,-20,-27
-106,-19,-27
-106,-18,-27
-106,-17,-27
-106,-16,-27
-106,-15,-27
-106,-14,-27
-106,-13,-27
-106,-12,-27
-106,-11,-27
-106,-10,-27
-106,-9,-27
-106,-8,-27
-106,-7,-27
-106,-6,-27
-106,-5,-27
-106,-4,-27
-106,-3,-27
-106,-2,-27
-106,-1,-27
-106,0,-27
-106,1,-27
-106,2,-27
-106,3,-27
-106,4,-27
-106,5,-27
-106,6,-27
-106,7,-27
-106,8,-27
-106,9,-27
-106,10,-27
-106,11,-27
-106,12,-27
-106,13,-27
-106,14,-27
-106,15,-27
-106,16,-27
-106,17,-27
-106,18,-27
-106,19,-27
-106,20,-27
-106,21,-27
-106,22,-27
-106,23,-27
-106,24,-27
-106,25,-27
-106,26,-27
-106,27,-27
-106,28,-27
-106,29,-27
-106,30,-27
-106,31,-27
-106,32,-27
-106,33,-27
-106,34,-27
-106,35,-27
-106,36,-27
-106,37,-27
-105,-39,-27
-105,-38,-27
-105,-37,-27
-105,-36,-27
-105,-35,-27
-105,-34,-27
-105,-33,-27
-105,-32,-27
-105,-31,-27
-105,-30,-27
-105,-29,-27
-105,-28,-27
-105,-27,-27
-105,-26,-27
-105,-25,-27
-105,-24,-27
-105,-23,-27
-105,-22,-27
-105,-21,-27
-105,-20,-27
-105,-19,-27
-105,-18,-27
-105,-17,-27
-105,-16,-27
-105,-15,-27
-105,-14,-27
-105,-13,-27
-105,-12,-27
-105,-11,-27
-105,-10,-27
-105,-9,-27
-105,-8,-27
-105,-7,-27
-105,-6,-27
-105,-5,-27
-105,-4,-27
-105,-3,-27
-105,-2,-27
-105,-1,-27
-105,0,-27
-105,1,-27
-105,2,-27
-105,3,-27
-105,4,-27
-105,5,-27
-105,6,-27
-105,7,-27
-105,8,-27
-105,9,-27
-105,10,-27
-105,11,-27
-105,12,-27
-105,13,-27
-105,14,-27
-105,15,-27
-105,16,-27
-105,17,-27
-105,18,-27
-105,19,-27
-105,20,-27
-105,21,-27
-105,22,-27
-105,23,-27
-105,24,-27
-105,25,-27
-105,26,-27
-105,27,-27
-105,28,-27
-105,29,-27
-105,30,-27
-105,31,-27
-105,32,-27
-105,33,-27
-105,34,-27
-105,35,-27
-105,36,-27
-105,37,-27
-104,-39,-27
-104,-38,-27
-104,-37,-27
-104,-36,-27
-104,-35,-27
-104,-34,-27
-104,-33,-27
-104,-32,-27
-104,-31,-27
-104,-30,-27
-104,-29,-27
-104,-28,-27
-104,-27,-27
-104,-26,-27
-104,-25,-27
-104,-24,-27
-104,-23,-27
-104,-22,-27
-104,-21,-27
-104,-20,-27
-104,-19,-27
-104,-18,-27
-104,-17,-27
-104,-16,-27
-104,-15,-27
-104,-14,-27
-104,-13,-27
-104,-12,-27
-104,-11,-27
-104,-10,-27
-104,-9,-27
-104,-8,-27
-104,-7,-27
-104,-6,-27
-104,-5,-27
-104,-4,-27
-104,-3,-27
-104,-2,-27
-104,-1,-27
-104,0,-27
-104,1,-27
-104,2,-27
-104,3,-27
-104,4,-27
-104,5,-27
-104,6,-27
-104,7,-27
-104,8,-27
-104,9,-27
-104,10,-27
-104,11,-27
-104,12,-27
-104,13,-27
-104,14,-27
-104,15,-27
-104,16,-27
-104,17,-27
-104,18,-27
-104,19,-27
-104,20,-27
-104,21,-27
-104,22,-27
-104,23,-27
-104,24,-27
-104,25,-27
-104,26,-27
-104,27,-27
-104,28,-27
-104,29,-27
-104,30,-27
-104,31,-27
-104,32,-27
-104,33,-27
-104,34,-27
-104,35,-27
-104,36,-27
-104,37,-27
-103,-39,-27
-103,-38,-27
-103,-37,-27
-103,-36,-27
-103,-35,-27
-103,-34,-27
-103,-33,-27
-103,-32,-27
-103,-31,-27
-103,-30,-27
-103,-29,-27
-103,-28,-27
-103,-27,-27
-103,-26,-27
-103,-25,-27
-103,-24,-27
-103,-23,-27
-103,-22,-27
-103,-21,-27
-103,-20,-27
-103,-19,-27
-103,-18,-27
-103,-17,-27
-103,-16,-27
-103,-15,-27
-103,-14,-27
-103,-13,-27
-103,-12,-27
-103,-11,-27
-103,-10,-27
-103,-9,-27
-103,-8,-27
-103,-7,-27
-103,-6,-27
-103,-5,-27
-103,-4,-27
-103,-3,-27
-103,-2,-27
-103,-1,-27
-103,0,-27
-103,1,-27
-103,2,-27
-103,3,-27
-103,4,-27
-103,5,-27
-103,6,-27
-103,7,-27
-103,8,-27
-103,9,-27
-103,10,-27
-103,11,-27
-103,12,-27
-103,13,-27
-103,14,-27
-103,15,-27
-103,16,-27
-103,17,-27
-103,18,-27
-103,19,-27
-103,20,-27
-103,21,-27
-103,22,-27
-103,23,-27
-103,24,-27
-103,25,-27
-103,26,-27
-103,27,-27
-103,28,-27
-103,29,-27
-103,30,-27
-103,31,-27
-103,32,-27
-103,33,-27
-103,34,-27
-103,35,-27
-103,36,-27
-103,37,-27
-102,-39,-27
-102,-38,-27
-102,-37,-27
-102,-36,-27
-102,-35,-27
-102,-34,-27
-102,-33,-27
-102,-32,-27
-102,-31,-27
-102,-30,-27
-102,-29,-27
-102,-28,-27
-102,-27,-27
-102,-26,-27
-102,-25,-27
-102,-24,-27
-102,-23,-27
-102,-22,-27
-102,-21,-27
-102,-20,-27
-102,-19,-27
-102,-18,-27
-102,-17,-27
-102,-16,-27
-102,-15,-27
-102,-14,-27
-102,-13,-27
-102,-12,-27
-102,-11,-27
-102,-10,-27
-102,-9,-27
-102,-8,-27
-102,-7,-27
-102,-6,-27
-102,-5,-27
-102,-4,-27
-102,-3,-27
-102,-2,-27
-102,-1,-27
-102,0,-27
-102,1,-27
-102,2,-27
-102,3,-27
-102,4,-27
-102,5,-27
-102,6,-27
-102,7,-27
-102,8,-27
-102,9,-27
-102,10,-27
-102,11,-27
-102,12,-27
-102,13,-27
-102,14,-27
-102,15,-27
-102,16,-27
-102,17,-27
-102,18,-27
-102,19,-27
-102,20,-27
-102,21,-27
-102,22,-27
-102,23,-27
-102,24,-27
-102,25,-27
-102,26,-27
-102,27,-27
-102,28,-27
-102,29,-27
-102,30,-27
-102,31,-27
-102,32,-27
-102,33,-27
-102,34,-27
-102,35,-27
-102,36,-27
-102,37,-27
-101,-39,-27
-101,-38,-27
-101,-37,-27
-101,-36,-27
-101,-35,-27
-101,-34,-27
-101,-33,-27
-101,-32,-27
-101,-31,-27
-101,-30,-27
-101,-29,-27
-101,-28,-27
-101,-27,-27
-101,-26,-27
-101,-25,-27
-101,-24,-27
-101,-23,-27
-101,-22,-27
-101,-21,-27
-101,-20,-27
-101,-19,-27
-101,-18,-27
-101,-17,-27
-101,-16,-27
-101,-15,-27
-101,-14,-27
-101,-13,-27
-101,-12,-27
-101,-11,-27
-101,-10,-27
-101,-9,-27
-101,-8,-27
-101,-7,-27
-101,-6,-27
-101,-5,-27
-101,-4,-27
-101,-3,-27
-101,-2,-27
-101,-1,-27
-101,0,-27
-101,1,-27
-101,2,-27
-101,3,-27
-101,4,-27
-101,5,-27
-101,6,-27
-101,7,-27
-101,8,-27
-101,9,-27
-101,10,-27
-101,11,-27
-101,12,-27
-101,13,-27
-101,14,-27
-101,15,-27
-101,16,-27
-101,17,-27
-101,18,-27
-101,19,-27
-101,20,-27
-101,21,-27
-101,22,-27
-101,23,-27
-101,24,-27
-101,25,-27
-101,26,-27
-101,27,-27
-101,28,-27
-101,29,-27
-101,30,-27
-101,31,-27
-101,32,-27
-101,33,-27
-101,34,-27
-101,35,-27
-101,36,-27
-101,37,-27
-100,-39,-27
-100,-38,-27
-100,-37,-27
-100,-36,-27
-100,-35,-27
-100,-34,-27
-100,-33,-27
-100,-32,-27
-100,-31,-27
-100,-30,-27
-100,-29,-27
-100,-28,-27
-100,-27,-27
-100,-26,-27
-100,-25,-27
-100,-24,-27
-100,-23,-27
-100,-22,-27
-100,-21,-27
-100,-20,-27
-100,-19,-27
-100,-18,-27
-100,-17,-27
-100,-16,-27
-100,-15,-27
-100,-14,-27
-100,-13,-27
-100,-12,-27
-100,-11,-27
-100,-10,-27
-100,-9,-27
-100,-8,-27
-100,-7,-27
-100,-6,-27
-100,-5,-27
-100,-4,-27
-100,-3,-27
-100,-2,-27
-100,-1,-27
-100,0,-27
-100,1,-27
-100,2,-27
-100,3,-27
-100,4,-27
-100,5,-27
-100,6,-27
-100,7,-27
-100,8,-27
-100,9,-27
-100,10,-27
-100,11,-27
-100,12,-27
-100,13,-27
-100,14,-27
-100,15,-27
-100,16,-27
-100,17,-27
-100,18,-27
-100,19,-27
-100,20,-27
-100,21,-27
-100,22,-27
-100,23,-27
-100,24,-27
-100,25,-27
-100,26,-27
-100,27,-27
-100,28,-27
-100,29,-27
-100,30,-27
-100,31,-27
-100,32,-27
-100,33,-27
-100,34,-27
-100,35,-27
-100,36,-27
-100,37,-27
-99,-39,-27
-99,-38,-27
-99,-37,-27
-99,-36,-27
-99,-35,-27
-99,-34,-27
-99,-33,-27
-99,-32,-27
-99,-31,-27
-99,-30,-27
-99,-29,-27
-99,-28,-27
-99,-27,-27
-99,-26,-27
-99,-25,-27
-99,-24,-27
-99,-23,-27
-99,-22,-27
-99,-21,-27
-99,-20,-27
-99,-19,-27
-99,-18,-27
-99,-17,-27
-99,-16,-27
-99,-15,-27
-99,-14,-27
-99,-13,-27
-99,-12,-27
-99,-11,-27
-99,-10,-27
-99,-9,-27
-99,-8,-27
-99,-7,-27
-99,-6,-27
-99,-5,-27
-99,-4,-27
-99,-3,-27
-99,-2,-27
-99,-1,-27
-99,0,-27
-99,1,-27
-99,2,-27
-99,3,-27
-99,4,-27
-99,5,-27
-99,6,-27
-99,7,-27
-99,8,-27
-99,9,-27
-99,10,-27
-99,11,-27
-99,12,-27
-99,13,-27
-99,14,-27
-99,15,-27
-99,16,-27
-99,17,-27
-99,18,-27
-99,19,-27
-99,20,-27
-99,21,-27
-99,22,-27
-99,23,-27
-99,24,-27
-99,25,-27
-99,26,-27
-99,27,-27
-99,28,-27
-99,29,-27
-99,30,-27
-99,31,-27
-99,32,-27
-99,33,-27
-99,34,-27
-99,35,-27
-99,36,-27
-99,37,-27
-98,-39,-27
-98,-38,-27
-98,-37,-27
-98,-36,-27
-98,-35,-27
-98,-34,-27
-98,-33,-27
-98,-32,-27
-98,-31,-27
-98,-30,-27
-98,-29,-27
-98,-28,-27
-98,-27,-27
-98,-26,-27
-98,-25,-27
-98,-24,-27
-98,-23,-27
-98,-22,-27
-98,-21,-27
-98,-20,-27
-98,-19,-27
-98,-18,-27
-98,-17,-27
-98,-16,-27
-98,-15,-27
-98,-14,-27
-98,-13,-27
-98,-12,-27
-98,-11,-27
-98,-10,-27
-98,-9,-27
-98,-8,-27
-98,-7,-27
-98,-6,-27
-98,-5,-27
-98,-4,-27
-98,-3,-27
-98,-2,-27
-98,-1,-27
-98,0,-27
-98,1,-27
-98,2,-27
-98,3,-27
-98,4,-27
-98,5,-27
-98,6,-27
-98,7,-27
-98,8,-27
-98,9,-27
-98,10,-27
-98,11,-27
-98,12,-27
-98,13,-27
-98,14,-27
-98,15,-27
-98,16,-27
-98,17,-27
-98,18,-27
-98,19,-27
-98,20,-27
-98,21,-27
-98,22,-27
-98,23,-27
-98,24,-27
-98,25,-27
-98,26,-27
-98,27,-27
-98,28,-27
-98,29,-27
-98,30,-27
-98,31,-27
-98,32,-27
-98,33,-27
-98,34,-27
-98,35,-27
-98,36,-27
-98,37,-27
-97,-39,-27
-97,-38,-27
-97,-37,-27
-97,-36,-27
-97,-35,-27
-97,-34,-27
-97,-33,-27
-97,-32,-27
-97,-31,-27
-97,-30,-27
-97,-29,-27
-97,-28,-27
-97,-27,-27
-97,-26,-27
-97,-25,-27
-97,-24,-27
-97,-23,-27
-97,-22,-27
-97,-21,-27
-97,-20,-27
-97,-19,-27
-97,-18,-27
-97,-17,-27
-97,-16,-27
-97,-15,-27
-97,-14,-27
-97,-13,-27
-97,-12,-27
-97,-11,-27
-97,-10,-27
-97,-9,-27
-97,-8,-27
-97,-7,-27
-97,-6,-27
-97,-5,-27
-97,-4,-27
-97,-3,-27
-97,-2,-27
-97,-1,-27
-97,0,-27
-97,1,-27
-97,2,-27
-97,3,-27
-97,4,-27
-97,5,-27
-97,6,-27
-97,7,-27
-97,8,-27
-97,9,-27
-97,10,-27
-97,11,-27
-97,12,-27
-97,13,-27
-97,14,-27
-97,15,-27
-97,16,-27
-97,17,-27
-97,18,-27
-97,19,-27
-97,20,-27
-97,21,-27
-97,22,-27
-97,23,-27
-97,24,-27
-97,25,-27
-97,26,-27
-97,27,-27
-97,28,-27
-97,29,-27
-97,30,-27
-97,31,-27
-97,32,-27
-97,33,-27
-97,34,-27
-97,35,-27
-97,36,-27
-97,37,-27
-96,-39,-27
-96,-38,-27
-96,-37,-27
-96,-36,-27
-96,-35,-27
-96,-34,-27
-96,-33,-27
-96,-32,-27
-96,-31,-27
-96,-30,-27
-96,-29,-27
-96,-28,-27
-96,-27,-27
-96,-26,-27
-96,-25,-27
-96,-24,-27
-96,-23,-27
-96,-22,-27
-96,-21,-27
-96,-20,-27
-96,-19,-27
-96,-18,-27
-96,-17,-27
-96,-16,-27
-96,-15,-27
-96,-14,-27
-96,-13,-27
-96,-12,-27
-96,-11,-27
-96,-10,-27
-96,-9,-27
-96,-8,-27
-96,-7,-27
-96,-6,-27
-96,-5,-27
-96,-4,-27
-96,-3,-27
-96,-2,-27
-96,-1,-27
-96,0,-27
-96,1,-27
-96,2,-27
-96,3,-27
-96,4,-27
-96,5,-27
-96,6,-27
-96,7,-27
-96,8,-27
-96,9,-27
-96,10,-27
-96,11,-27
-96,12,-27
-96,13,-27
-96,14,-27
-96,15,-27
-96,16,-27
-96,17,-27
-96,18,-27
-96,19,-27
-96,20,-27
-96,21,-27
-96,22,-27
-96,23,-27
-96,24,-27
-96,25,-27
-96,26,-27
-96,27,-27
-96,28,-27
-96,29,-27
-96,30,-27
-96,31,-27
-96,32,-27
-96,33,-27
-96,34,-27
-96,35,-27
-96,36,-27
-96,37,-27
-95,-39,-27
-95,-38,-27
-95,-37,-27
-95,-36,-27
-95,-35,-27
-95,-34,-27
-95,-33,-27
-95,-32,-27
-95,-31,-27
-95,-30,-27
-95,-29,-27
-95,-28,-27
-95,-27,-27
-95,-26,-27
-95,-25,-27
-95,-24,-27
-95,-23,-27
-95,-22,-27
-95,-21,-27
-95,-20,-27
-95,-19,-27
-95,-18,-27
-95,-17,-27
-95,-16,-27
-95,-15,-27
-95,-14,-27
-95,-13,-27
-95,-12,-27
-95,-11,-27
-95,-10,-27
-95,-9,-27
-95,-8,-27
-95,-7,-27
-95,-6,-27
-95,-5,-27
-95,-4,-27
-95,-3,-27
-95,-2,-27
-95,-1,-27
-95,0,-27
-95,1,-27
-95,2,-27
-95,3,-27
-95,4,-27
-95,5,-27
-95,6,-27
-95,7,-27
-95,8,-27
-95,9,-27
-95,10,-27
-95,11,-27
-95,12,-27
-95,13,-27
-95,14,-27
-95,15,-27
-95,16,-27
-95,17,-27
-95,18,-27
-95,19,-27
-95,20,-27
-95,21,-27
-95,22,-27
-95,23,-27
-95,24,-27
-95,25,-27
-95,26,-27
-95,27,-27
-95,28,-27
-95,29,-27
-95,30,-27
-95,31,-27
-95,32,-27
-95,33,-27
-95,34,-27
-95,35,-27
-95,36,-27
-95,37,-27
-94,-39,-27
-94,-38,-27
-94,-37,-27
-94,-36,-27
-94,-35,-27
-94,-34,-27
-94,-33,-27
-94,-32,-27
-94,-31,-27
-94,-30,-27
-94,-29,-27
-94,-28,-27
-94,-27,-27
-94,-26,-27
-94,-25,-27
-94,-24,-27
-94,-23,-27
-94,-22,-27
-94,-21,-27
-94,-20,-27
-94,-19,-27
-94,-18,-27
-94,-17,-27
-94,-16,-27
-94,-15,-27
-94,-14,-27
-94,-13,-27
-94,-12,-27
-94,-11,-27
-94,-10,-27
-94,-9,-27
-94,-8,-27
-94,-7,-27
-94,-6,-27
-94,-5,-27
-94,-4,-27
-94,-3,-27
-94,-2,-27
-94,-1,-27
-94,0,-27
-94,1,-27
-94,2,-27
-94,3,-27
-94,4,-27
-94,5,-27
-94,6,-27
-94,7,-27
-94,8,-27
-94,9,-27
-94,10,-27
-94,11,-27
-94,12,-27
-94,13,-27
-94,14,-27
-94,15,-27
-94,16,-27
-94,17,-27
-94,18,-27
-94,19,-27
-94,20,-27
-94,21,-27
-94,22,-27
-94,23,-27
-94,24,-27
-94,25,-27
-94,26,-27
-94,27,-27
-94,28,-27
-94,29,-27
-94,30,-27
-94,31,-27
-94,32,-27
-94,33,-27
-94,34,-27
-94,35,-27
-94,36,-27
-94,37,-27
-93,-39,-27
-93,-38,-27
-93,-37,-27
-93,-36,-27
-93,-35,-27
-93,-34,-27
-93,-33,-27
-93,-32,-27
-93,-31,-27
-93,-30,-27
-93,-29,-27
-93,-28,-27
-93,-27,-27
-93,-26,-27
-93,-25,-27
-93,-24,-27
-93,-23,-27
-93,-22,-27
-93,-21,-27
-93,-20,-27
-93,-19,-27
-93,-18,-27
-93,-17,-27
-93,-16,-27
-93,-15,-27
-93,-14,-27
-93,-13,-27
-93,-12,-27
-93,-11,-27
-93,-10,-27
-93,-9,-27
-93,-8,-27
-93,-7,-27
-93,-6,-27
-93,-5,-27
-93,-4,-27
-93,-3,-27
-93,-2,-27
-93,-1,-27
-93,0,-27
-93,1,-27
-93,2,-27
-93,3,-27
-93,4,-27
-93,5,-27
-93,6,-27
-93,7,-27
-93,8,-27
-93,9,-27
-93,10,-27
-93,11,-27
-93,12,-27
-93,13,-27
-93,14,-27
-93,15,-27
-93,16,-27
-93,17,-27
-93,18,-27
-93,19,-27
-93,20,-27
-93,21,-27
-93,22,-27
-93,23,-27
-93,24,-27
-93,25,-27
-93,26,-27
-93,27,-27
-93,28,-27
-93,29,-27
-93,30,-27
-93,31,-27
-93,32,-27
-93,33,-27
-93,34,-27
-93,35,-27
-93,36,-27
-93,37,-27
-92,-39,-27
-92,-38,-27
-92,-37,-27
-92,-36,-27
-92,-35,-27
-92,-34,-27
-92,-33,-27
-92,-32,-27
-92,-31,-27
-92,-30,-27
-92,-29,-27
-92,-28,-27
-92,-27,-27
-92,-26,-27
-92,-25,-27
-92,-24,-27
-92,-23,-27
-92,-22,-27
-92,-21,-27
-92,-20,-27
-92,-19,-27
-92,-18,-27
-92,-17,-27
-92,-16,-27
-92,-15,-27
-92,-14,-27
-92,-13,-27
-92,-12,-27
-92,-11,-27
-92,-10,-27
-92,-9,-27
-92,-8,-27
-92,-7,-27
-92,-6,-27
-92,-5,-27
-92,-4,-27
-92,-3,-27
-92,-2,-27
-92,-1,-27
-92,0,-27
-92,1,-27
-92,2,-27
-92,3,-27
-92,4,-27
-92,5,-27
-92,6,-27
-92,7,-27
-92,8,-27
-92,9,-27
-92,10,-27
-92,11,-27
-92,12,-27
-92,13,-27
-92,14,-27
-92,15,-27
-92,16,-27
-92,17,-27
-92,18,-27
-92,19,-27
-92,20,-27
-92,21,-27
-92,22,-27
-92,23,-27
-92,24,-27
-92,25,-27
-92,26,-27
-92,27,-27
-92,28,-27
-92,29,-27
-92,30,-27
-92,31,-27
-92,32,-27
-92,33,-27
-92,34,-27
-92,35,-27
-92,36,-27
-92,37,-27
-91,-39,-27
-91,-38,-27
-91,-37,-27
-91,-36,-27
-91,-35,-27
-91,-34,-27
-91,-33,-27
-91,-32,-27
-91,-31,-27
-91,-30,-27
-91,-29,-27
-91,-28,-27
-91,-27,-27
-91,-26,-27
-91,-25,-27
-91,-24,-27
-91,-23,-27
-91,-22,-27
-91,-21,-27
-91,-20,-27
-91,-19,-27
-91,-18,-27
-91,-17,-27
-91,-16,-27
-91,-15,-27
-91,-14,-27
-91,-13,-27
-91,-12,-27
-91,-11,-27
-91,-10,-27
-91,-9,-27
-91,-8,-27
-91,-7,-27
-91,-6,-27
-91,-5,-27
-91,-4,-27
-91,-3,-27
-91,-2,-27
-91,-1,-27
-91,0,-27
-91,1,-27
-91,2,-27
-91,3,-27
-91,4,-27
-91,5,-27
-91,6,-27
-91,7,-27
-91,8,-27
-91,9,-27
-91,10,-27
-91,11,-27
-91,12,-27
-91,13,-27
-91,14,-27
-91,15,-27
-91,16,-27
-91,17,-27
-91,18,-27
-91,19,-27
-91,20,-27
-91,21,-27
-91,22,-27
-91,23,-27
-91,24,-27
-91,25,-27
-91,26,-27
-91,27,-27
-91,28,-27
-91,29,-27
-91,30,-27
-91,31,-27
-91,32,-27
-91,33,-27
-91,34,-27
-91,35,-27
-91,36,-27
-91,37,-27
-90,-39,-27
-90,-38,-27
-90,-37,-27
-90,-36,-27
-90,-35,-27
-90,-34,-27
-90,-33,-27
-90,-32,-27
-90,-31,-27
-90,-30,-27
-90,-29,-27
-90,-28,-27
-90,-27,-27
-90,-26,-27
-90,-25,-27
-90,-24,-27
-90,-23,-27
-90,-22,-27
-90,-21,-27
-90,-20,-27
-90,-19,-27
-90,-18,-27
-90,-17,-27
-90,-16,-27
-90,-15,-27
-90,-14,-27
-90,-13,-27
-90,-12,-27
-90,-11,-27
-90,-10,-27
-90,-9,-27
-90,-8,-27
-90,-7,-27
-90,-6,-27
-90,-5,-27
-90,-4,-27
-90,-3,-27
-90,-2,-27
-90,-1,-27
-90,0,-27
-90,1,-27
-90,2,-27
-90,3,-27
-90,4,-27
-90,5,-27
-90,6,-27
-90,7,-27
-90,8,-27
-90,9,-27
-90,10,-27
-90,11,-27
-90,12,-27
-90,13,-27
-90,14,-27
-90,15,-27
-90,16,-27
-90,17,-27
-90,18,-27
-90,19,-27
-90,20,-27
-90,21,-27
-90,22,-27
-90,23,-27
-90,24,-27
-90,25,-27
-90,26,-27
-90,27,-27
-90,28,-27
-90,29,-27
-90,30,-27
-90,31,-27
-90,32,-27
-90,33,-27
-90,34,-27
-90,35,-27
-90,36,-27
-90,37,-27
-89,-39,-27
-89,-38,-27
-89,-37,-27
-89,-36,-27
-89,-35,-27
-89,-34,-27
-89,-33,-27
-89,-32,-27
-89,-31,-27
-89,-30,-27
-89,-29,-27
-89,-28,-27
-89,-27,-27
-89,-26,-27
-89,-25,-27
-89,-24,-27
-89,-23,-27
-89,-22,-27
-89,-21,-27
-89,-20,-27
-89,-19,-27
-89,-18,-27
-89,-17,-27
-89,-16,-27
-89,-15,-27
-89,-14,-27
-89,-13,-27
-89,-12,-27
-89,-11,-27
-89,-10,-27
-89,-9,-27
-89,-8,-27
-89,-7,-27
-89,-6,-27
-89,-5,-27
-89,-4,-27
-89,-3,-27
-89,-2,-27
-89,-1,-27
-89,0,-27
-89,1,-27
-89,2,-27
-89,3,-27
-89,4,-27
-89,5,-27
-89,6,-27
-89,7,-27
-89,8,-27
-89,9,-27
-89,10,-27
-89,11,-27
-89,12,-27
-89,13,-27
-89,14,-27
-89,15,-27
-89,16,-27
-89,17,-27
-89,18,-27
-89,19,-27
-89,20,-27
-89,21,-27
-89,22,-27
-89,23,-27
-89,24,-27
-89,25,-27
-89,26,-27
-89,27,-27
-89,28,-27
-89,29,-27
-89,30,-27
-89,31,-27
-89,32,-27
-89,33,-27
-89,34,-27
-89,35,-27
-89,36,-27
-89,37,-27
-88,-39,-27
-88,-38,-27
-88,-37,-27
-88,-36,-27
-88,-35,-27
-88,-34,-27
-88,-33,-27
-88,-32,-27
-88,-31,-27
-88,-30,-27
-88,-29,-27
-88,-28,-27
-88,-27,-27
-88,-26,-27
-88,-25,-27
-88,-24,-27
-88,-23,-27
-88,-22,-27
-88,-21,-27
-88,-20,-27
-88,-19,-27
-88,-18,-27
-88,-17,-27
-88,-16,-27
-88,-15,-27
-88,-14,-27
-88,-13,-27
-88,-12,-27
-88,-11,-27
-88,-10,-27
-88,-9,-27
-88,-8,-27
-88,-7,-27
-88,-6,-27
-88,-5,-27
-88,-4,-27
-88,-3,-27
-88,-2,-27
-88,-1,-27
-88,0,-27
-88,1,-27
-88,2,-27
-88,3,-27
-88,4,-27
-88,5,-27
-88,6,-27
-88,7,-27
-88,8,-27
-88,9,-27
-88,10,-27
-88,11,-27
-88,12,-27
-88,13,-27
-88,14,-27
-88,15,-27
-88,16,-27
-88,17,-27
-88,18,-27
-88,19,-27
-88,20,-27
-88,21,-27
-88,22,-27
-88,23,-27
-88,24,-27
-88,25,-27
-88,26,-27
-88,27,-27
-88,28,-27
-88,29,-27
-88,30,-27
-88,31,-27
-88,32,-27
-88,33,-27
-88,34,-27
-88,35,-27
-88,36,-27
-88,37,-27
-87,-39,-27
-87,-38,-27
-87,-37,-27
-87,-36,-27
-87,-35,-27
-87,-34,-27
-87,-33,-27
-87,-32,-27
-87,-31,-27
-87,-30,-27
-87,-29,-27
-87,-28,-27
-87,-27,-27
-87,-26,-27
-87,-25,-27
-87,-24,-27
-87,-23,-27
-87,-22,-27
-87,-21,-27
-87,-20,-27
-87,-19,-27
-87,-18,-27
-87,-17,-27
-87,-16,-27
-87,-15,-27
-87,-14,-27
-87,-13,-27
-87,-12,-27
-87,-11,-27
-87,-10,-27
-87,-9,-27
-87,-8,-27
-87,-7,-27
-87,-6,-27
-87,-5,-27
-87,-4,-27
-87,-3,-27
-87,-2,-27
-87,-1,-27
-87,0,-27
-87,1,-27
-87,2,-27
-87,3,-27
-87,4,-27
-87,5,-27
-87,6,-27
-87,7,-27
-87,8,-27
-87,9,-27
-87,10,-27
-87,11,-27
-87,12,-27
-87,13,-27
-87,14,-27
-87,15,-27
-87,16,-27
-87,17,-27
-87,18,-27
-87,19,-27
-87,20,-27
-87,21,-27
-87,22,-27
-87,23,-27
-87,24,-27
-87,25,-27
-87,26,-27
-87,27,-27
-87,28,-27
-87,29,-27
-87,30,-27
-87,31,-27
-87,32,-27
-87,33,-27
-87,34,-27
-87,35,-27
-87,36,-27
-87,37,-27
-86,-39,-27
-86,-38,-27
-86,-37,-27
-86,-36,-27
-86,-35,-27
-86,-34,-27
-86,-33,-27
-86,-32,-27
-86,-31,-27
-86,-30,-27
-86,-29,-27
-86,-28,-27
-86,-27,-27
-86,-26,-27
-86,-25,-27
-86,-24,-27
-86,-23,-27
-86,-22,-27
-86,-21,-27
-86,-20,-27
-86,-19,-27
-86,-18,-27
-86,-17,-27
-86,-16,-27
-86,-15,-27
-86,-14,-27
-86,-13,-27
-86,-12,-27
-86,-11,-27
-86,-10,-27
-86,-9,-27
-86,-8,-27
-86,-7,-27
-86,-6,-27
-86,-5,-27
-86,-4,-27
-86,-3,-27
-86,-2,-27
-86,-1,-27
-86,0,-27
-86,1,-27
-86,2,-27
-86,3,-27
-86,4,-27
-86,5,-27
-86,6,-27
-86,7,-27
-86,8,-27
-86,9,-27
-86,10,-27
-86,11,-27
-86,12,-27
-86,13,-27
-86,14,-27
-86,15,-27
-86,16,-27
-86,17,-27
-86,18,-27
-86,19,-27
-86,20,-27
-86,21,-27
-86,22,-27
-86,23,-27
-86,24,-27
-86,25,-27
-86,26,-27
-86,27,-27
-86,28,-27
-86,29,-27
-86,30,-27
-86,31,-27
-86,32,-27
-86,33,-27
-86,34,-27
-86,35,-27
-86,36,-27
-86,37,-27
-85,-39,-27
-85,-38,-27
-85,-37,-27
-85,-36,-27
-85,-35,-27
-85,-34,-27
-85,-33,-27
-85,-32,-27
-85,-31,-27
-85,-30,-27
-85,-29,-27
-85,-28,-27
-85,-27,-27
-85,-26,-27
-85,-25,-27
-85,-24,-27
-85,-23,-27
-85,-22,-27
-85,-21,-27
-85,-20,-27
-85,-19,-27
-85,-18,-27
-85,-17,-27
-85,-16,-27
-85,-15,-27
-85,-14,-27
-85,-13,-27
-85,-12,-27
-85,-11,-27
-85,-10,-27
-85,-9,-27
-85,-8,-27
-85,-7,-27
-85,-6,-27
-85,-5,-27
-85,-4,-27
-85,-3,-27
-85,-2,-27
-85,-1,-27
-85,0,-27
-85,1,-27
-85,2,-27
-85,3,-27
-85,4,-27
-85,5,-27
-85,6,-27
-85,7,-27
-85,8,-27
-85,9,-27
-85,10,-27
-85,11,-27
-85,12,-27
-85,13,-27
-85,14,-27
-85,15,-27
-85,16,-27
-85,17,-27
-85,18,-27
-85,19,-27
-85,20,-27
-85,21,-27
-85,22,-27
-85,23,-27
-85,24,-27
-85,25,-27
-85,26,-27
-85,27,-27
-85,28,-27
-85,29,-27
-85,30,-27
-85,31,-27
-85,32,-27
-85,33,-27
-85,34,-27
-85,35,-27
-85,36,-27
-85,37,-27
-84,-39,-27
-84,-38,-27
-84,-37,-27
-84,-36,-27
-84,-35,-27
-84,-34,-27
-84,-33,-27
-84,-32,-27
-84,-31,-27
-84,-30,-27
-84,-29,-27
-84,-28,-27
-84,-27,-27
-84,-26,-27
-84,-25,-27
-84,-24,-27
-84,-23,-27
-84,-22,-27
-84,-21,-27
-84,-20,-27
-84,-19,-27
-84,-18,-27
-84,-17,-27
-84,-16,-27
-84,-15,-27
-84,-14,-27
-84,-13,-27
-84,-12,-27
-84,-11,-27
-84,-10,-27
-84,-9,-27
-84,-8,-27
-84,-7,-27
-84,-6,-27
-84,-5,-27
-84,-4,-27
-84,-3,-27
-84,-2,-27
-84,-1,-27
-84,0,-27
-84,1,-27
-84,2,-27
-84,3,-27
-84,4,-27
-84,5,-27
-84,6,-27
-84,7,-27
-84,8,-27
-84,9,-27
-84,10,-27
-84,11,-27
-84,12,-27
-84,13,-27
-84,14,-27
-84,15,-27
-84,16,-27
-84,17,-27
-84,18,-27
-84,19,-27
-84,20,-27
-84,21,-27
-84,22,-27
-84,23,-27
-84,24,-27
-84,25,-27
-84,26,-27
-84,27,-27
-84,28,-27
-84,29,-27
-84,30,-27
-84,31,-27
-84,32,-27
-84,33,-27
-84,34,-27
-84,35,-27
-84,36,-27
-84,37,-27
-83,-39,-27
-83,-38,-27
-83,-37,-27
-83,-36,-27
-83,-35,-27
-83,-34,-27
-83,-33,-27
-83,-32,-27
-83,-31,-27
-83,-30,-27
-83,-29,-27
-83,-28,-27
-83,-27,-27
-83,-26,-27
-83,-25,-27
-83,-24,-27
-83,-23,-27
-83,-22,-27
-83,-21,-27
-83,-20,-27
-83,-19,-27
-83,-18,-27
-83,-17,-27
-83,-16,-27
-83,-15,-27
-83,-14,-27
-83,-13,-27
-83,-12,-27
-83,-11,-27
-83,-10,-27
-83,-9,-27
-83,-8,-27
-83,-7,-27
-83,-6,-27
-83,-5,-27
-83,-4,-27
-83,-3,-27
-83,-2,-27
-83,-1,-27
-83,0,-27
-83,1,-27
-83,2,-27
-83,3,-27
-83,4,-27
-83,5,-27
-83,6,-27
-83,7,-27
-83,8,-27
-83,9,-27
-83,10,-27
-83,11,-27
-83,12,-27
-83,13,-27
-83,14,-27
-83,15,-27
-83,16,-27
-83,17,-27
-83,18,-27
-83,19,-27
-83,20,-27
-83,21,-27
-83,22,-27
-83,23,-27
-83,24,-27
-83,25,-27
-83,26,-27
-83,27,-27
-83,28,-27
-83,29,-27
-83,30,-27
-83,31,-27
-83,32,-27
-83,33,-27
-83,34,-27
-83,35,-27
-83,36,-27
-83,37,-27
-82,-39,-27
-82,-38,-27
-82,-37,-27
-82,-36,-27
-82,-35,-27
-82,-34,-27
-82,-33,-27
-82,-32,-27
-82,-31,-27
-82,-30,-27
-82,-29,-27
-82,-28,-27
-82,-27,-27
-82,-26,-27
-82,-25,-27
-82,-24,-27
-82,-23,-27
-82,-22,-27
-82,-21,-27
-82,-20,-27
-82,-19,-27
-82,-18,-27
-82,-17,-27
-82,-16,-27
-82,-15,-27
-82,-14,-27
-82,-13,-27
-82,-12,-27
-82,-11,-27
-82,-10,-27
-82,-9,-27
-82,-8,-27
-82,-7,-27
-82,-6,-27
-82,-5,-27
-82,-4,-27
-82,-3,-27
-82,-2,-27
-82,-1,-27
-82,0,-27
-82,1,-27
-82,2,-27
-82,3,-27
-82,4,-27
-82,5,-27
-82,6,-27
-82,7,-27
-82,8,-27
-82,9,-27
-82,10,-27
-82,11,-27
-82,12,-27
-82,13,-27
-82,14,-27
-82,15,-27
-82,16,-27
-82,17,-27
-82,18,-27
-82,19,-27
-82,20,-27
-82,21,-27
-82,22,-27
-82,23,-27
-82,24,-27
-82,25,-27
-82,26,-27
-82,27,-27
-82,28,-27
-82,29,-27
-82,30,-27
-82,31,-27
-82,32,-27
-82,33,-27
-82,34,-27
-82,35,-27
-82,36,-27
-82,37,-27
-81,-39,-27
-81,-38,-27
-81,-37,-27
-81,-36,-27
-81,-35,-27
-81,-34,-27
-81,-33,-27
-81,-32,-27
-81,-31,-27
-81,-30,-27
-81,-29,-27
-81,-28,-27
-81,-27,-27
-81,-26,-27
-81,-25,-27
-81,-24,-27
-81,-23,-27
-81,-22,-27
-81,-21,-27
-81,-20,-27
-81,-19,-27
-81,-18,-27
-81,-17,-27
-81,-16,-27
-81,-15,-27
-81,-14,-27
-81,-13,-27
-81,-12,-27
-81,-11,-27
-81,-10,-27
-81,-9,-27
-81,-8,-27
-81,-7,-27
-81,-6,-27
-81,-5,-27
-81,-4,-27
-81,-3,-27
-81,-2,-27
-81,-1,-27
-81,0,-27
-81,1,-27
-81,2,-27
-81,3,-27
-81,4,-27
-81,5,-27
-81,6,-27
-81,7,-27
-81,8,-27
-81,9,-27
-81,10,-27
-81,11,-27
-81,12,-27
-81,13,-27
-81,14,-27
-81,15,-27
-81,16,-27
-81,17,-27
-81,18,-27
-81,19,-27
-81,20,-27
-81,21,-27
-81,22,-27
-81,23,-27
-81,24,-27
-81,25,-27
-81,26,-27
-81,27,-27
-81,28,-27
-81,29,-27
-81,30,-27
-81,31,-27
-81,32,-27
-81,33,-27
-81,34,-27
-81,35,-27
-81,36,-27
-81,37,-27
-80,-39,-27
-80,-38,-27
-80,-37,-27
-80,-36,-27
-80,-35,-27
-80,-34,-27
-80,-33,-27
-80,-32,-27
-80,-31,-27
-80,-30,-27
-80,-29,-27
-80,-28,-27
-80,-27,-27
-80,-26,-27
-80,-25,-27
-80,-24,-27
-80,-23,-27
-80,-22,-27
-80,-21,-27
-80,-20,-27
-80,-19,-27
-80,-18,-27
-80,-17,-27
-80,-16,-27
-80,-15,-27
-80,-14,-27
-80,-13,-27
-80,-12,-27
-80,-11,-27
-80,-10,-27
-80,-9,-27
-80,-8,-27
-80,-7,-27
-80,-6,-27
-80,-5,-27
-80,-4,-27
-80,-3,-27
-80,-2,-27
-80,-1,-27
-80,0,-27
-80,1,-27
-80,2,-27
-80,3,-27
-80,4,-27
-80,5,-27
-80,6,-27
-80,7,-27
-80,8,-27
-80,9,-27
-80,10,-27
-80,11,-27
-80,12,-27
-80,13,-27
-80,14,-27
-80,15,-27
-80,16,-27
-80,17,-27
-80,18,-27
-80,19,-27
-80,20,-27
-80,21,-27
-80,22,-27
-80,23,-27
-80,24,-27
-80,25,-27
-80,26,-27
-80,27,-27
-80,28,-27
-80,29,-27
-80,30,-27
-80,31,-27
-80,32,-27
-80,33,-27
-80,34,-27
-80,35,-27
-80,36,-27
-80,37,-27
-79,-39,-27
-79,-38,-27
-79,-37,-27
-79,-36,-27
-79,-35,-27
-79,-34,-27
-79,-33,-27
-79,-32,-27
-79,-31,-27
-79,-30,-27
-79,-29,-27
-79,-28,-27
-79,-27,-27
-79,-26,-27
-79,-25,-27
-79,-24,-27
-79,-23,-27
-79,-22,-27
-79,-21,-27
-79,-20,-27
-79,-19,-27
-79,-18,-27
-79,-17,-27
-79,-16,-27
-79,-15,-27
-79,-14,-27
-79,-13,-27
-79,-12,-27
-79,-11,-27
-79,-10,-27
-79,-9,-27
-79,-8,-27
-79,-7,-27
-79,-6,-27
-79,-5,-27
-79,-4,-27
-79,-3,-27
-79,-2,-27
-79,-1,-27
-79,0,-27
-79,1,-27
-79,2,-27
-79,3,-27
-79,4,-27
-79,5,-27
-79,6,-27
-79,7,-27
-79,8,-27
-79,9,-27
-79,10,-27
-79,11,-27
-79,12,-27
-79,13,-27
-79,14,-27
-79,15,-27
-79,16,-27
-79,17,-27
-79,18,-27
-79,19,-27
-79,20,-27
-79,21,-27
-79,22,-27
-79,23,-27
-79,24,-27
-79,25,-27
-79,26,-27
-79,27,-27
-79,28,-27
-79,29,-27
-79,30,-27
-79,31,-27
-79,32,-27
-79,33,-27
-79,34,-27
-79,35,-27
-79,36,-27
-79,37,-27
-78,-39,-27
-78,-38,-27
-78,-37,-27
-78,-36,-27
-78,-35,-27
-78,-34,-27
-78,-33,-27
-78,-32,-27
-78,-31,-27
-78,-30,-27
-78,-29,-27
-78,-28,-27
-78,-27,-27
-78,-26,-27
-78,-25,-27
-78,-24,-27
-78,-23,-27
-78,-22,-27
-78,-21,-27
-78,-20,-27
-78,-19,-27
-78,-18,-27
-78,-17,-27
-78,-16,-27
-78,-15,-27
-78,-14,-27
-78,-13,-27
-78,-12,-27
-78,-11,-27
-78,-10,-27
-78,-9,-27
-78,-8,-27
-78,-7,-27
-78,-6,-27
-78,-5,-27
-78,-4,-27
-78,-3,-27
-78,-2,-27
-78,-1,-27
-78,0,-27
-78,1,-27
-78,2,-27
-78,3,-27
-78,4,-27
-78,5,-27
-78,6,-27
-78,7,-27
-78,8,-27
-78,9,-27
-78,10,-27
-78,11,-27
-78,12,-27
-78,13,-27
-78,14,-27
-78,15,-27
-78,16,-27
-78,17,-27
-78,18,-27
-78,19,-27
-78,20,-27
-78,21,-27
-78,22,-27
-78,23,-27
-78,24,-27
-78,25,-27
-78,26,-27
-78,27,-27
-78,28,-27
-78,29,-27
-78,30,-27
-78,31,-27
-78,32,-27
-78,33,-27
-78,34,-27
-78,35,-27
-78,36,-27
-78,37,-27
-77,-39,-27
-77,-38,-27
-77,-37,-27
-77,-36,-27
-77,-35,-27
-77,-34,-27
-77,-33,-27
-77,-32,-27
-77,-31,-27
-77,-30,-27
-77,-29,-27
-77,-28,-27
-77,-27,-27
-77,-26,-27
-77,-25,-27
-77,-24,-27
-77,-23,-27
-77,-22,-27
-77,-21,-27
-77,-20,-27
-77,-19,-27
-77,-18,-27
-77,-17,-27
-77,-16,-27
-77,-15,-27
-77,-14,-27
-77,-13,-27
-77,-12,-27
-77,-11,-27
-77,-10,-27
-77,-9,-27
-77,-8,-27
-77,-7,-27
-77,-6,-27
-77,-5,-27
-77,-4,-27
-77,-3,-27
-77,-2,-27
-77,-1,-27
-77,0,-27
-77,1,-27
-77,2,-27
-77,3,-27
-77,4,-27
-77,5,-27
-77,6,-27
-77,7,-27
-77,8,-27
-77,9,-27
-77,10,-27
-77,11,-27
-77,12,-27
-77,13,-27
-77,14,-27
-77,15,-27
-77,16,-27
-77,17,-27
-77,18,-27
-77,19,-27
-77,20,-27
-77,21,-27
-77,22,-27
-77,23,-27
-77,24,-27
-77,25,-27
-77,26,-27
-77,27,-27
-77,28,-27
-77,29,-27
-77,30,-27
-77,31,-27
-77,32,-27
-77,33,-27
-77,34,-27
-77,35,-27
-77,36,-27
-77,37,-27
-76,-39,-27
-76,-38,-27
-76,-37,-27
-76,-36,-27
-76,-35,-27
-76,-34,-27
-76,-33,-27
-76,-32,-27
-76,-31,-27
-76,-30,-27
-76,-29,-27
-76,-28,-27
-76,-27,-27
-76,-26,-27
-76,-25,-27
-76,-24,-27
-76,-23,-27
-76,-22,-27
-76,-21,-27
-76,-20,-27
-76,-19,-27
-76,-18,-27
-76,-17,-27
-76,-16,-27
-76,-15,-27
-76,-14,-27
-76,-13,-27
-76,-12,-27
-76,-11,-27
-76,-10,-27
-76,-9,-27
-76,-8,-27
-76,-7,-27
-76,-6,-27
-76,-5,-27
-76,-4,-27
-76,-3,-27
-76,-2,-27
-76,-1,-27
-76,0,-27
-76,1,-27
-76,2,-27
-76,3,-27
-76,4,-27
-76,5,-27
-76,6,-27
-76,7,-27
-76,8,-27
-76,9,-27
-76,10,-27
-76,11,-27
-76,12,-27
-76,13,-27
-76,14,-27
-76,15,-27
-76,16,-27
-76,17,-27
-76,18,-27
-76,19,-27
-76,20,-27
-76,21,-27
-76,22,-27
-76,23,-27
-76,24,-27
-76,25,-27
-76,26,-27
-76,27,-27
-76,28,-27
-76,29,-27
-76,30,-27
-76,31,-27
-76,32,-27
-76,33,-27
-76,34,-27
-76,35,-27
-76,36,-27
-76,37,-27
-75,-39,-27
-75,-38,-27
-75,-37,-27
-75,-36,-27
-75,-35,-27
-75,-34,-27
-75,-33,-27
-75,-32,-27
-75,-31,-27
-75,-30,-27
-75,-29,-27
-75,-28,-27
-75,-27,-27
-75,-26,-27
-75,-25,-27
-75,-24,-27
-75,-23,-27
-75,-22,-27
-75,-21,-27
-75,-20,-27
-75,-19,-27
-75,-18,-27
-75,-17,-27
-75,-16,-27
-75,-15,-27
-75,-14,-27
-75,-13,-27
-75,-12,-27
-75,-11,-27
-75,-10,-27
-75,-9,-27
-75,-8,-27
-75,-7,-27
-75,-6,-27
-75,-5,-27
-75,-4,-27
-75,-3,-27
-75,-2,-27
-75,-1,-27
-75,0,-27
-75,1,-27
-75,2,-27
-75,3,-27
-75,4,-27
-75,5,-27
-75,6,-27
-75,7,-27
-75,8,-27
-75,9,-27
-75,10,-27
-75,11,-27
-75,12,-27
-75,13,-27
-75,14,-27
-75,15,-27
-75,16,-27
-75,17,-27
-75,18,-27
-75,19,-27
-75,20,-27
-75,21,-27
-75,22,-27
-75,23,-27
-75,24,-27
-75,25,-27
-75,26,-27
-75,27,-27
-75,28,-27
-75,29,-27
-75,30,-27
-75,31,-27
-75,32,-27
-75,33,-27
-75,34,-27
-75,35,-27
-75,36,-27
-75,37,-27
-74,-39,-27
-74,-38,-27
-74,-37,-27
-74,-36,-27
-74,-35,-27
-74,-34,-27
-74,-33,-27
-74,-32,-27
-74,-31,-27
-74,-30,-27
-74,-29,-27
-74,-28,-27
-74,-27,-27
-74,-26,-27
-74,-25,-27
-74,-24,-27
-74,-23,-27
-74,-22,-27
-74,-21,-27
-74,-20,-27
-74,-19,-27
-74,-18,-27
-74,-17,-27
-74,-16,-27
-74,-15,-27
-74,-14,-27
-74,-13,-27
-74,-12,-27
-74,-11,-27
-74,-10,-27
-74,-9,-27
-74,-8,-27
-74,-7,-27
-74,-6,-27
-74,-5,-27
-74,-4,-27
-74,-3,-27
-74,-2,-27
-74,-1,-27
-74,0,-27
-74,1,-27
-74,2,-27
-74,3,-27
-74,4,-27
-74,5,-27
-74,6,-27
-74,7,-27
-74,8,-27
-74,9,-27
-74,10,-27
-74,11,-27
-74,12,-27
-74,13,-27
-74,14,-27
-74,15,-27
-74,16,-27
-74,17,-27
-74,18,-27
-74,19,-27
-74,20,-27
-74,21,-27
-74,22,-27
-74,23,-27
-74,24,-27
-74,25,-27
-74,26,-27
-74,27,-27
-74,28,-27
-74,29,-27
-74,30,-27
-74,31,-27
-74,32,-27
-74,33,-27
-74,34,-27
-74,35,-27
-74,36,-27
-74,37,-27
-73,-39,-27
-73,-38,-27
-73,-37,-27
-73,-36,-27
-73,-35,-27
-73,-34,-27
-73,-33,-27
-73,-32,-27
-73,-31,-27
-73,-30,-27
-73,-29,-27
-73,-28,-27
-73,-27,-27
-73,-26,-27
-73,-25,-27
-73,-24,-27
-73,-23,-27
-73,-22,-27
-73,-21,-27
-73,-20,-27
-73,-19,-27
-73,-18,-27
-73,-17,-27
-73,-16,-27
-73,-15,-27
-73,-14,-27
-73,-13,-27
-73,-12,-27
-73,-11,-27
-73,-10,-27
-73,-9,-27
-73,-8,-27
-73,-7,-27
-73,-6,-27
-73,-5,-27
-73,-4,-27
-73,-3,-27
-73,-2,-27
-73,-1,-27
-73,0,-27
-73,1,-27
-73,2,-27
-73,3,-27
-73,4,-27
-73,5,-27
-73,6,-27
-73,7,-27
-73,8,-27
-73,9,-27
-73,10,-27
-73,11,-27
-73,12,-27
-73,13,-27
-73,14,-27
-73,15,-27
-73,16,-27
-73,17,-27
-73,18,-27
-73,19,-27
-73,20,-27
-73,21,-27
-73,22,-27
-73,23,-27
-73,24,-27
-73,25,-27
-73,26,-27
-73,27,-27
-73,28,-27
-73,29,-27
-73,30,-27
-73,31,-27
-73,32,-27
-73,33,-27
-73,34,-27
-73,35,-27
-73,36,-27
-73,37,-27
-72,-39,-27
-72,-38,-27
-72,-37,-27
-72,-36,-27
-72,-35,-27
-72,-34,-27
-72,-33,-27
-72,-32,-27
-72,-31,-27
-72,-30,-27
-72,-29,-27
-72,-28,-27
-72,-27,-27
-72,-26,-27
-72,-25,-27
-72,-24,-27
-72,-23,-27
-72,-22,-27
-72,-21,-27
-72,-20,-27
-72,-19,-27
-72,-18,-27
-72,-17,-27
-72,-16,-27
-72,-15,-27
-72,-14,-27
-72,-13,-27
-72,-12,-27
-72,-11,-27
-72,-10,-27
-72,-9,-27
-72,-8,-27
-72,-7,-27
-72,-6,-27
-72,-5,-27
-72,-4,-27
-72,-3,-27
-72,-2,-27
-72,-1,-27
-72,0,-27
-72,1,-27
-72,2,-27
-72,3,-27
-72,4,-27
-72,5,-27
-72,6,-27
-72,7,-27
-72,8,-27
-72,9,-27
-72,10,-27
-72,11,-27
-72,12,-27
-72,13,-27
-72,14,-27
-72,15,-27
-72,16,-27
-72,17,-27
-72,18,-27
-72,19,-27
-72,20,-27
-72,21,-27
-72,22,-27
-72,23,-27
-72,24,-27
-72,25,-27
-72,26,-27
-72,27,-27
-72,28,-27
-72,29,-27
-72,30,-27
-72,31,-27
-72,32,-27
-72,33,-27
-72,34,-27
-72,35,-27
-72,36,-27
-72,37,-27
-71,-39,-27
-71,-38,-27
-71,-37,-27
-71,-36,-27
-71,-35,-27
-71,-34,-27
-71,-33,-27
-71,-32,-27
-71,-31,-27
-71,-30,-27
-71,-29,-27
-71,-28,-27
-71,-27,-27
-71,-26,-27
-71,-25,-27
-71,-24,-27
-71,-23,-27
-71,-22,-27
-71,-21,-27
-71,-20,-27
-71,-19,-27
-71,-18,-27
-71,-17,-27
-71,-16,-27
-71,-15,-27
-71,-14,-27
-71,-13,-27
-71,-12,-27
-71,-11,-27
-71,-10,-27
-71,-9,-27
-71,-8,-27
-71,-7,-27
-71,-6,-27
-71,-5,-27
-71,-4,-27
-71,-3,-27
-71,-2,-27
-71,-1,-27
-71,0,-27
-71,1,-27
-71,2,-27
-71,3,-27
-71,4,-27
-71,5,-27
-71,6,-27
-71,7,-27
-71,8,-27
-71,9,-27
-71,10,-27
-71,11,-27
-71,12,-27
-71,13,-27
-71,14,-27
-71,15,-27
-71,16,-27
-71,17,-27
-71,18,-27
-71,19,-27
-71,20,-27
-71,21,-27
-71,22,-27
-71,23,-27
-71,24,-27
-71,25,-27
-71,26,-27
-71,27,-27
-71,28,-27
-71,29,-27
-71,30,-27
-71,31,-27
-71,32,-27
-71,33,-27
-71,34,-27
-71,35,-27
-71,36,-27
-71,37,-27
-70,-39,-27
-70,-38,-27
-70,-37,-27
-70,-36,-27
-70,-35,-27
-70,-34,-27
-70,-33,-27
-70,-32,-27
-70,-31,-27
-70,-30,-27
-70,-29,-27
-70,-28,-27
-70,-27,-27
-70,-26,-27
-70,-25,-27
-70,-24,-27
-70,-23,-27
-70,-22,-27
-70,-21,-27
-70,-20,-27
-70,-19,-27
-70,-18,-27
-70,-17,-27
-70,-16,-27
-70,-15,-27
-70,-14,-27
-70,-13,-27
-70,-12,-27
-70,-11,-27
-70,-10,-27
-70,-9,-27
-70,-8,-27
-70,-7,-27
-70,-6,-27
-70,-5,-27
-70,-4,-27
-70,-3,-27
-70,-2,-27
-70,-1,-27
-70,0,-27
-70,1,-27
-70,2,-27
-70,3,-27
-70,4,-27
-70,5,-27
-70,6,-27
-70,7,-27
-70,8,-27
-70,9,-27
-70,10,-27
-70,11,-27
-70,12,-27
-70,13,-27
-70,14,-27
-70,15,-27
-70,16,-27
-70,17,-27
-70,18,-27
-70,19,-27
-70,20,-27
-70,21,-27
-70,22,-27
-70,23,-27
-70,24,-27
-70,25,-27
-70,26,-27
-70,27,-27
-70,28,-27
-70,29,-27
-70,30,-27
-70,31,-27
-70,32,-27
-70,33,-27
-70,34,-27
-70,35,-27
-70,36,-27
-70,37,-27
-69,-39,-27
-69,-38,-27
-69,-37,-27
-69,-36,-27
-69,-35,-27
-69,-34,-27
-69,-33,-27
-69,-32,-27
-69,-31,-27
-69,-30,-27
-69,-29,-27
-69,-28,-27
-69,-27,-27
-69,-26,-27
-69,-25,-27
-69,-24,-27
-69,-23,-27
-69,-22,-27
-69,-21,-27
-69,-20,-27
-69,-19,-27
-69,-18,-27
-69,-17,-27
-69,-16,-27
-69,-15,-27
-69,-14,-27
-69,-13,-27
-69,-12,-27
-69,-11,-27
-69,-10,-27
-69,-9,-27
-69,-8,-27
-69,-7,-27
-69,-6,-27
-69,-5,-27
-69,-4,-27
-69,-3,-27
-69,-2,-27
-69,-1,-27
-69,0,-27
-69,1,-27
-69,2,-27
-69,3,-27
-69,4,-27
-69,5,-27
-69,6,-27
-69,7,-27
-69,8,-27
-69,9,-27
-69,10,-27
-69,11,-27
-69,12,-27
-69,13,-27
-69,14,-27
-69,15,-27
-69,16,-27
-69,17,-27
-69,18,-27
-69,19,-27
-69,20,-27
-69,21,-27
-69,22,-27
-69,23,-27
-69,24,-27
-69,25,-27
-69,26,-27
-69,27,-27
-69,28,-27
-69,29,-27
-69,30,-27
-69,31,-27
-69,32,-27
-69,33,-27
-69,34,-27
-69,35,-27
-69,36,-27
-69,37,-27
-68,-39,-27
-68,-38,-27
-68,-37,-27
-68,-36,-27
-68,-35,-27
-68,-34,-27
-68,-33,-27
-68,-32,-27
-68,-31,-27
-68,-30,-27
-68,-29,-27
-68,-28,-27
-68,-27,-27
-68,-26,-27
-68,-25,-27
-68,-24,-27
-68,-23,-27
-68,-22,-27
-68,-21,-27
-68,-20,-27
-68,-19,-27
-68,-18,-27
-68,-17,-27
-68,-16,-27
-68,-15,-27
-68,-14,-27
-68,-13,-27
-68,-12,-27
-68,-11,-27
-68,-10,-27
-68,-9,-27
-68,-8,-27
-68,-7,-27
-68,-6,-27
-68,-5,-27
-68,-4,-27
-68,-3,-27
-68,-2,-27
-68,-1,-27
-68,0,-27
-68,1,-27
-68,2,-27
-68,3,-27
-68,4,-27
-68,5,-27
-68,6,-27
-68,7,-27
-68,8,-27
-68,9,-27
-68,10,-27
-68,11,-27
-68,12,-27
-68,13,-27
-68,14,-27
-68,15,-27
-68,16,-27
-68,17,-27
-68,18,-27
-68,19,-27
-68,20,-27
-68,21,-27
-68,22,-27
-68,23,-27
-68,24,-27
-68,25,-27
-68,26,-27
-68,27,-27
-68,28,-27
-68,29,-27
-68,30,-27
-68,31,-27
-68,32,-27
-68,33,-27
-68,34,-27
-68,35,-27
-68,36,-27
-68,37,-27
-67,-39,-27
-67,-38,-27
-67,-37,-27
-67,-36,-27
-67,-35,-27
-67,-34,-27
-67,-33,-27
-67,-32,-27
-67,-31,-27
-67,-30,-27
-67,-29,-27
-67,-28,-27
-67,-27,-27
-67,-26,-27
-67,-25,-27
-67,-24,-27
-67,-23,-27
-67,-22,-27
-67,-21,-27
-67,-20,-27
-67,-19,-27
-67,-18,-27
-67,-17,-27
-67,-16,-27
-67,-15,-27
-67,-14,-27
-67,-13,-27
-67,-12,-27
-67,-11,-27
-67,-10,-27
-67,-9,-27
-67,-8,-27
-67,-7,-27
-67,-6,-27
-67,-5,-27
-67,-4,-27
-67,-3,-27
-67,-2,-27
-67,-1,-27
-67,0,-27
-67,1,-27
-67,2,-27
-67,3,-27
-67,4,-27
-67,5,-27
-67,6,-27
-67,7,-27
-67,8,-27
-67,9,-27
-67,10,-27
-67,11,-27
-67,12,-27
-67,13,-27
-67,14,-27
-67,15,-27
-67,16,-27
-67,17,-27
-67,18,-27
-67,19,-27
-67,20,-27
-67,21,-27
-67,22,-27
-67,23,-27
-67,24,-27
-67,25,-27
-67,26,-27
-67,27,-27
-67,28,-27
-67,29,-27
-67,30,-27
-67,31,-27
-67,32,-27
-67,33,-27
-67,34,-27
-67,35,-27
-67,36,-27
-67,37,-27
-66,-39,-27
-66,-38,-27
-66,-37,-27
-66,-36,-27
-66,-35,-27
-66,-34,-27
-66,-33,-27
-66,-32,-27
-66,-31,-27
-66,-30,-27
-66,-29,-27
-66,-28,-27
-66,-27,-27
-66,-26,-27
-66,-25,-27
-66,-24,-27
-66,-23,-27
-66,-22,-27
-66,-21,-27
-66,-20,-27
-66,-19,-27
-66,-18,-27
-66,-17,-27
-66,-16,-27
-66,-15,-27
-66,-14,-27
-66,-13,-27
-66,-12,-27
-66,-11,-27
-66,-10,-27
-66,-9,-27
-66,-8,-27
-66,-7,-27
-66,-6,-27
-66,-5,-27
-66,-4,-27
-66,-3,-27
-66,-2,-27
-66,-1,-27
-66,0,-27
-66,1,-27
-66,2,-27
-66,3,-27
-66,4,-27
-66,5,-27
-66,6,-27
-66,7,-27
-66,8,-27
-66,9,-27
-66,10,-27
-66,11,-27
-66,12,-27
-66,13,-27
-66,14,-27
-66,15,-27
-66,16,-27
-66,17,-27
-66,18,-27
-66,19,-27
-66,20,-27
-66,21,-27
-66,22,-27
-66,23,-27
-66,24,-27
-66,25,-27
-66,26,-27
-66,27,-27
-66,28,-27
-66,29,-27
-66,30,-27
-66,31,-27
-66,32,-27
-66,33,-27
-66,34,-27
-66,35,-27
-66,36,-27
-66,37,-27
-65,-39,-27
-65,-38,-27
-65,-37,-27
-65,-36,-27
-65,-35,-27
-65,-34,-27
-65,-33,-27
-65,-32,-27
-65,-31,-27
-65,-30,-27
-65,-29,-27
-65,-28,-27
-65,-27,-27
-65,-26,-27
-65,-25,-27
-65,-24,-27
-65,-23,-27
-65,-22,-27
-65,-21,-27
-65,-20,-27
-65,-19,-27
-65,-18,-27
-65,-17,-27
-65,-16,-27
-65,-15,-27
-65,-14,-27
-65,-13,-27
-65,-12,-27
-65,-11,-27
-65,-10,-27
-65,-9,-27
-65,-8,-27
-65,-7,-27
-65,-6,-27
-65,-5,-27
-65,-4,-27
-65,-3,-27
-65,-2,-27
-65,-1,-27
-65,0,-27
-65,1,-27
-65,2,-27
-65,3,-27
-65,4,-27
-65,5,-27
-65,6,-27
-65,7,-27
-65,8,-27
-65,9,-27
-65,10,-27
-65,11,-27
-65,12,-27
-65,13,-27
-65,14,-27
-65,15,-27
-65,16,-27
-65,17,-27
-65,18,-27
-65,19,-27
-65,20,-27
-65,21,-27
-65,22,-27
-65,23,-27
-65,24,-27
-65,25,-27
-65,26,-27
-65,27,-27
-65,28,-27
-65,29,-27
-65,30,-27
-65,31,-27
-65,32,-27
-65,33,-27
-65,34,-27
-65,35,-27
-65,36,-27
-65,37,-27
-64,-39,-27
-64,-38,-27
-64,-37,-27
-64,-36,-27
-64,-35,-27
-64,-34,-27
-64,-33,-27
-64,-32,-27
-64,-31,-27
-64,-30,-27
-64,-29,-27
-64,-28,-27
-64,-27,-27
-64,-26,-27
-64,-25,-27
-64,-24,-27
-64,-23,-27
-64,-22,-27
-64,-21,-27
-64,-20,-27
-64,-19,-27
-64,-18,-27
-64,-17,-27
-64,-16,-27
-64,-15,-27
-64,-14,-27
-64,-13,-27
-64,-12,-27
-64,-11,-27
-64,-10,-27
-64,-9,-27
-64,-8,-27
-64,-7,-27
-64,-6,-27
-64,-5,-27
-64,-4,-27
-64,-3,-27
-64,-2,-27
-64,-1,-27
-64,0,-27
-64,1,-27
-64,2,-27
-64,3,-27
-64,4,-27
-64,5,-27
-64,6,-27
-64,7,-27
-64,8,-27
-64,9,-27
-64,10,-27
-64,11,-27
-64,12,-27
-64,13,-27
-64,14,-27
-64,15,-27
-64,16,-27
-64,17,-27
-64,18,-27
-64,19,-27
-64,20,-27
-64,21,-27
-64,22,-27
-64,23,-27
-64,24,-27
-64,25,-27
-64,26,-27
-64,27,-27
-64,28,-27
-64,29,-27
-64,30,-27
-64,31,-27
-64,32,-27
-64,33,-27
-64,34,-27
-64,35,-27
-64,36,-27
-64,37,-27
-63,-39,-27
-63,-38,-27
-63,-37,-27
-63,-36,-27
-63,-35,-27
-63,-34,-27
-63,-33,-27
-63,-32,-27
-63,-31,-27
-63,-30,-27
-63,-29,-27
-63,-28,-27
-63,-27,-27
-63,-26,-27
-63,-25,-27
-63,-24,-27
-63,-23,-27
-63,-22,-27
-63,-21,-27
-63,-20,-27
-63,-19,-27
-63,-18,-27
-63,-17,-27
-63,-16,-27
-63,-15,-27
-63,-14,-27
-63,-13,-27
-63,-12,-27
-63,-11,-27
-63,-10,-27
-63,-9,-27
-63,-8,-27
-63,-7,-27
-63,-6,-27
-63,-5,-27
-63,-4,-27
-63,-3,-27
-63,-2,-27
-63,-1,-27
-63,0,-27
-63,1,-27
-63,2,-27
-63,3,-27
-63,4,-27
-63,5,-27
-63,6,-27
-63,7,-27
-63,8,-27
-63,9,-27
-63,10,-27
-63,11,-27
-63,12,-27
-63,13,-27
-63,14,-27
-63,15,-27
-63,16,-27
-63,17,-27
-63,18,-27
-63,19,-27
-63,20,-27
-63,21,-27
-63,22,-27
-63,23,-27
-63,24,-27
-63,25,-27
-63,26,-27
-63,27,-27
-63,28,-27
-63,29,-27
-63,30,-27
-63,31,-27
-63,32,-27
-63,33,-27
-63,34,-27
-63,35,-27
-63,36,-27
-63,37,-27
-62,-39,-27
-62,-38,-27
-62,-37,-27
-62,-36,-27
-62,-35,-27
-62,-34,-27
-62,-33,-27
-62,-32,-27
-62,-31,-27
-62,-30,-27
-62,-29,-27
-62,-28,-27
-62,-27,-27
-62,-26,-27
-62,-25,-27
-62,-24,-27
-62,-23,-27
-62,-22,-27
-62,-21,-27
-62,-20,-27
-62,-19,-27
-62,-18,-27
-62,-17,-27
-62,-16,-27
-62,-15,-27
-62,-14,-27
-62,-13,-27
-62,-12,-27
-62,-11,-27
-62,-10,-27
-62,-9,-27
-62,-8,-27
-62,-7,-27
-62,-6,-27
-62,-5,-27
-62,-4,-27
-62,-3,-27
-62,-2,-27
-62,-1,-27
-62,0,-27
-62,1,-27
-62,2,-27
-62,3,-27
-62,4,-27
-62,5,-27
-62,6,-27
-62,7,-27
-62,8,-27
-62,9,-27
-62,10,-27
-62,11,-27
-62,12,-27
-62,13,-27
-62,14,-27
-62,15,-27
-62,16,-27
-62,17,-27
-62,18,-27
-62,19,-27
-62,20,-27
-62,21,-27
-62,22,-27
-62,23,-27
-62,24,-27
-62,25,-27
-62,26,-27
-62,27,-27
-62,28,-27
-62,29,-27
-62,30,-27
-62,31,-27
-62,32,-27
-62,33,-27
-62,34,-27
-62,35,-27
-62,36,-27
-62,37,-27
-61,-38,-27
-61,-37,-27
-61,-36,-27
-61,-35,-27
-61,-34,-27
-61,-33,-27
-61,-32,-27
-61,-31,-27
-61,-30,-27
-61,-29,-27
-61,-28,-27
-61,-27,-27
-61,-26,-27
-61,-25,-27
-61,-24,-27
-61,-23,-27
-61,-22,-27
-61,-21,-27
-61,-20,-27
-61,-19,-27
-61,-18,-27
-61,-17,-27
-61,-16,-27
-61,-15,-27
-61,-14,-27
-61,-13,-27
-61,-12,-27
-61,-11,-27
-61,-10,-27
-61,-9,-27
-61,-8,-27
-61,-7,-27
-61,-6,-27
-61,-5,-27
-61,-4,-27
-61,-3,-27
-61,-2,-27
-61,-1,-27
-61,0,-27
-61,1,-27
-61,2,-27
-61,3,-27
-61,4,-27
-61,5,-27
-61,6,-27
-61,7,-27
-61,8,-27
-61,9,-27
-61,10,-27
-61,11,-27
-61,12,-27
-61,13,-27
-61,14,-27
-61,15,-27
-61,16,-27
-61,17,-27
-61,18,-27
-61,19,-27
-61,20,-27
-61,21,-27
-61,22,-27
-61,23,-27
-61,24,-27
-61,25,-27
-61,26,-27
-61,27,-27
-61,28,-27
-61,29,-27
-61,30,-27
-61,31,-27
-61,32,-27
-61,33,-27
-61,34,-27
-61,35,-27
-61,36,-27
-61,37,-27
-61,38,-27
-60,-38,-27
-60,-37,-27
-60,-36,-27
-60,-35,-27
-60,-34,-27
-60,-33,-27
-60,-32,-27
-60,-31,-27
-60,-30,-27
-60,-29,-27
-60,-28,-27
-60,-27,-27
-60,-26,-27
-60,-25,-27
-60,-24,-27
-60,-23,-27
-60,-22,-27
-60,-21,-27
-60,-20,-27
-60,-19,-27
-60,-18,-27
-60,-17,-27
-60,-16,-27
-60,-15,-27
-60,-14,-27
-60,-13,-27
-60,-12,-27
-60,-11,-27
-60,-10,-27
-60,-9,-27
-60,-8,-27
-60,-7,-27
-60,-6,-27
-60,-5,-27
-60,-4,-27
-60,-3,-27
-60,-2,-27
-60,-1,-27
-60,0,-27
-60,1,-27
-60,2,-27
-60,3,-27
-60,4,-27
-60,5,-27
-60,6,-27
-60,7,-27
-60,8,-27
-60,9,-27
-60,10,-27
-60,11,-27
-60,12,-27
-60,13,-27
-60,14,-27
-60,15,-27
-60,16,-27
-60,17,-27
-60,18,-27
-60,19,-27
-60,20,-27
-60,21,-27
-60,22,-27
-60,23,-27
-60,24,-27
-60,25,-27
-60,26,-27
-60,27,-27
-60,28,-27
-60,29,-27
-60,30,-27
-60,31,-27
-60,32,-27
-60,33,-27
-60,34,-27
-60,35,-27
-60,36,-27
-60,37,-27
-60,38,-27
-59,-36,-27
-59,-35,-27
-59,-34,-27
-59,-33,-27
-59,-32,-27
-59,-31,-27
-59,-30,-27
-59,-29,-27
-59,-28,-27
-59,-27,-27
-59,-26,-27
-59,-25,-27
-59,-24,-27
-59,-23,-27
-59,-22,-27
-59,-21,-27
-59,-20,-27
-59,-19,-27
-59,-18,-27
-59,-17,-27
-59,-16,-27
-59,-15,-27
-59,-14,-27
-59,-13,-27
-59,-12,-27
-59,-11,-27
-59,-10,-27
-59,-9,-27
-59,-8,-27
-59,-7,-27
-59,-6,-27
-59,-5,-27
-59,-4,-27
-59,-3,-27
-59,-2,-27
-59,-1,-27
-59,0,-27
-59,1,-27
-59,2,-27
-59,3,-27
-59,4,-27
-59,5,-27
-59,6,-27
-59,7,-27
-59,8,-27
-59,9,-27
-59,10,-27
-59,11,-27
-59,12,-27
-59,13,-27
-59,14,-27
-59,15,-27
-59,16,-27
-59,17,-27
-59,18,-27
-59,19,-27
-59,20,-27
-59,21,-27
-59,22,-27
-59,23,-27
-59,24,-27
-59,25,-27
-59,26,-27
-59,27,-27
-59,28,-27
-59,29,-27
-59,30,-27
-59,31,-27
-59,32,-27
-59,33,-27
-59,34,-27
-59,35,-27
-59,36,-27
-58,-36,-27
-58,-35,-27
-58,-34,-27
-58,-33,-27
-58,-32,-27
-58,-31,-27
-58,-30,-27
-58,-29,-27
-58,-28,-27
-58,-27,-27
-58,-26,-27
-58,-25,-27
-58,-24,-27
-58,-23,-27
-58,-22,-27
-58,-21,-27
-58,-20,-27
-58,-19,-27
-58,-18,-27
-58,-17,-27
-58,-16,-27
-58,-15,-27
-58,-14,-27
-58,-13,-27
-58,-12,-27
-58,-11,-27
-58,-10,-27
-58,-9,-27
-58,-8,-27
-58,-7,-27
-58,-6,-27
-58,-5,-27
-58,-4,-27
-58,-3,-27
-58,-2,-27
-58,-1,-27
-58,0,-27
-58,1,-27
-58,2,-27
-58,3,-27
-58,4,-27
-58,5,-27
-58,6,-27
-58,7,-27
-58,8,-27
-58,9,-27
-58,10,-27
-58,11,-27
-58,12,-27
-58,13,-27
-58,14,-27
-58,15,-27
-58,16,-27
-58,17,-27
-58,18,-27
-58,19,-27
-58,20,-27
-58,21,-27
-58,22,-27
-58,23,-27
-58,24,-27
-58,25,-27
-58,26,-27
-58,27,-27
-58,28,-27
-58,29,-27
-58,30,-27
-58,31,-27
-58,32,-27
-58,33,-27
-41,-1,-27
-41,0,-27
-41,1,-27
-40,-3,-27
-40,-2,-27
-40,2,-27
-40,3,-27
-39,-4,-27
-39,4,-27
-38,-5,-27
-38,5,-27
-36,-6,-27
-36,6,-27
-130,37,-28
-130,38,-28
-130,39,-28
-130,40,-28
-129,39,-28
-129,40,-28
-128,-36,-28
-128,39,-28
-128,40,-28
-127,38,-28
-126,38,-28
-125,38,-28
-124,38,-28
-123,38,-28
-122,38,-28
-121,38,-28
-120,38,-28
-119,38,-28
-118,38,-28
-117,38,-28
-116,38,-28
-115,38,-28
-114,38,-28
-113,38,-28
-112,38,-28
-111,38,-28
-110,38,-28
-109,38,-28
-108,38,-28
-107,38,-28
-106,38,-28
-105,38,-28
-104,38,-28
-103,38,-28
-102,38,-28
-101,38,-28
-100,38,-28
-99,38,-28
-98,38,-28
-97,38,-28
-96,38,-28
-95,38,-28
-94,38,-28
-93,38,-28
-92,38,-28
-91,38,-28
-90,38,-28
-89,38,-28
-88,38,-28
-87,38,-28
-86,38,-28
-85,38,-28
-84,38,-28
-83,38,-28
-82,38,-28
-81,38,-28
-80,38,-28
-79,38,-28
-78,38,-28
-77,38,-28
-76,38,-28
-75,38,-28
-74,38,-28
-73,38,-28
-72,38,-28
-71,38,-28
-70,38,-28
-69,38,-28
-68,38,-28
-67,38,-28
-66,38,-28
-65,38,-28
-64,38,-28
-63,38,-28
-62,38,-28
-61,-39,-28
-61,39,-28
-61,40,-28
-60,-39,-28
-60,39,-28
-60,40,-28
-59,-39,-28
-59,-38,-28
-59,-37,-28
-59,37,-28
-59,38,-28
-59,39,-28
-59,40,-28
-58,-39,-28
-58,-38,-28
-58,-37,-28
-58,37,-28
-58,38,-28
-42,-1,-28
-42,0,-28
-42,1,-28
-41,-3,-28
-41,-2,-28
-41,2,-28
-41,3,-28
-40,-4,-28
-40,4,-28
-39,-5,-28
-39,5,-28
-37,-6,-28
-37,6,-28
-132,-33,-29
-132,-32,-29
-132,-31,-29
-132,-30,-29
-132,-29,-29
-132,-28,-29
-132,-27,-29
-132,-26,-29
-132,-25,-29
-132,-24,-29
-132,-23,-29
-132,-22,-29
-132,-21,-29
-132,-20,-29
-132,-19,-29
-132,-18,-29
-132,-17,-29
-132,-16,-29
-132,-15,-29
-132,-14,-29
-132,-13,-29
-132,-12,-29
-132,-11,-29
-132,-10,-29
-132,-9,-29
-132,-8,-29
-132,-7,-29
-132,-6,-29
-132,-5,-29
-132,-4,-29
-132,-3,-29
-132,-2,-29
-132,-1,-29
-132,0,-29
-132,1,-29
-132,2,-29
-132,3,-29
-132,4,-29
-132,5,-29
-132,6,-29
-132,7,-29
-132,8,-29
-132,9,-29
-132,10,-29
-132,11,-29
-132,12,-29
-132,13,-29
-132,14,-29
-132,15,-29
-132,16,-29
-132,17,-29
-132,18,-29
-132,19,-29
-132,20,-29
-132,21,-29
-132,22,-29
-132,23,-29
-132,24,-29
-132,25,-29
-132,26,-29
-132,27,-29
-132,28,-29
-132,29,-29
-132,30,-29
-132,31,-29
-132,32,-29
-132,33,-29
-131,-33,-29
-131,-32,-29
-131,-31,-29
-131,-30,-29
-131,-26,-29
-131,-25,-29
-131,-24,-29
-131,-23,-29
-131,-19,-29
-131,-18,-29
-131,-17,-29
-131,-16,-29
-131,-12,-29
-131,-11,-29
-131,-10,-29
-131,-9,-29
-131,-5,-29
-131,-4,-29
-131,-3,-29
-131,-2,-29
-131,2,-29
-131,3,-29
-131,4,-29
-131,5,-29
-131,9,-29
-131,10,-29
-131,11,-29
-131,12,-29
-131,16,-29
-131,17,-29
-131,18,-29
-131,19,-29
-131,23,-29
-131,24,-29
-131,25,-29
-131,26,-29
-131,30,-29
-131,31,-29
-131,32,-29
-131,33,-29
-130,41,-29
-129,-36,-29
-129,41,-29
-128,38,-29
-128,41,-29
-127,39,-29
-127,41,-29
-126,39,-29
-126,41,-29
-125,39,-29
-125,41,-29
-124,-41,-29
-124,-40,-29
-124,39,-29
-124,40,-29
-124,41,-29
-123,-41,-29
-123,-40,-29
-123,39,-29
-123,40,-29
-123,41,-29
-122,-41,-29
-122,-40,-29
-122,39,-29
-122,40,-29
-122,41,-29
-121,-41,-29
-121,-40,-29
-121,39,-29
-121,40,-29
-121,41,-29
-120,-41,-29
-120,39,-29
-120,41,-29
-119,-41,-29
-119,39,-29
-119,40,-29
-119,41,-29
-118,-41,-29
-118,39,-29
-118,41,-29
-117,-41,-29
-117,-40,-29
-117,39,-29
-117,40,-29
-117,41,-29
-116,-41,-29
-116,-40,-29
-116,39,-29
-116,40,-29
-116,41,-29
-115,-41,-29
-115,-40,-29
-115,39,-29
-115,40,-29
-115,41,-29
-114,-41,-29
-114,-40,-29
-114,39,-29
-114,40,-29
-114,41,-29
-113,-41,-29
-113,39,-29
-113,41,-29
-112,-41,-29
-112,39,-29
-112,40,-29
-112,41,-29
-111,-41,-29
-111,39,-29
-111,41,-29
-110,-41,-29
-110,-40,-29
-110,39,-29
-110,40,-29
-110,41,-29
-109,-41,-29
-109,-40,-29
-109,39,-29
-109,40,-29
-109,41,-29
-108,-41,-29
-108,-40,-29
-108,39,-29
-108,40,-29
-108,41,-29
-107,-41,-29
-107,-40,-29
-107,39,-29
-107,40,-29
-107,41,-29
-106,-41,-29
-106,39,-29
-106,41,-29
-105,-41,-29
-105,39,-29
-105,40,-29
-105,41,-29
-104,-41,-29
-104,39,-29
-104,41,-29
-103,-41,-29
-103,-40,-29
-103,39,-29
-103,40,-29
-103,41,-29
-102,-41,-29
-102,-40,-29
-102,39,-29
-102,40,-29
-102,41,-29
-101,-41,-29
-101,-40,-29
-101,39,-29
-101,40,-29
-101,41,-29
-100,-41,-29
-100,-40,-29
-100,39,-29
-100,40,-29
-100,41,-29
-99,-41,-29
-99,39,-29
-99,41,-29
-98,-41,-29
-98,39,-29
-98,40,-29
-98,41,-29
-97,-41,-29
-97,39,-29
-97,41,-29
-96,-41,-29
-96,-40,-29
-96,39,-29
-96,40,-29
-96,41,-29
-95,-41,-29
-95,-40,-29
-95,39,-29
-95,40,-29
-95,41,-29
-94,-41,-29
-94,-40,-29
-94,39,-29
-94,40,-29
-94,41,-29
-93,-41,-29
-93,-40,-29
-93,39,-29
-93,40,-29
-93,41,-29
-92,-41,-29
-92,39,-29
-92,41,-29
-91,-41,-29
-91,39,-29
-91,40,-29
-91,41,-29
-90,-41,-29
-90,39,-29
-90,41,-29
-89,-41,-29
-89,-40,-29
-89,39,-29
-89,40,-29
-89,41,-29
-88,-41,-29
-88,-40,-29
-88,39,-29
-88,40,-29
-88,41,-29
-87,-41,-29
-87,-40,-29
-87,39,-29
-87,40,-29
-87,41,-29
-86,-41,-29
-86,-40,-29
-86,39,-29
-86,40,-29
-86,41,-29
-85,-41,-29
-85,39,-29
-85,41,-29
-84,-41,-29
-84,39,-29
-84,40,-29
-84,41,-29
-83,-41,-29
-83,39,-29
-83,41,-29
-82,-41,-29
-82,-40,-29
-82,39,-29
-82,40,-29
-82,41,-29
-81,-41,-29
-81,-40,-29
-81,39,-29
-81,40,-29
-81,41,-29
-80,-41,-29
-80,-40,-29
-80,39,-29
-80,40,-29
-80,41,-29
-79,-41,-29
-79,-40,-29
-79,39,-29
-79,40,-29
-79,41,-29
-78,-41,-29
-78,39,-29
-78,41,-29
-77,-41,-29
-77,39,-29
-77,40,-29
-77,41,-29
-76,-41,-29
-76,39,-29
-76,41,-29
-75,-41,-29
-75,-40,-29
-75,39,-29
-75,40,-29
-75,41,-29
-74,-41,-29
-74,-40,-29
-74,39,-29
-74,40,-29
-74,41,-29
-73,-41,-29
-73,-40,-29
-73,39,-29
-73,40,-29
-73,41,-29
-72,-41,-29
-72,-40,-29
-72,39,-29
-72,40,-29
-72,41,-29
-71,-41,-29
-71,39,-29
-71,41,-29
-70,-41,-29
-70,39,-29
-70,40,-29
-70,41,-29
-69,-41,-29
-69,39,-29
-69,41,-29
-68,-41,-29
-68,-40,-29
-68,39,-29
-68,40,-29
-68,41,-29
-67,-41,-29
-67,-40,-29
-67,39,-29
-67,40,-29
-67,41,-29
-66,-41,-29
-66,-40,-29
-66,39,-29
-66,40,-29
-66,41,-29
-65,-41,-29
-65,-40,-29
-65,39,-29
-65,40,-29
-65,41,-29
-64,39,-29
-64,41,-29
-63,39,-29
-63,40,-29
-63,41,-29
-62,39,-29
-62,41,-29
-57,-36,-29
-57,-35,-29
-57,-34,-29
-57,-33,-29
-57,-32,-29
-57,-31,-29
-57,-30,-29
-57,-29,-29
-57,-28,-29
-57,-27,-29
-57,-26,-29
-57,-25,-29
-57,-24,-29
-57,-23,-29
-57,-22,-29
-57,-21,-29
-57,-20,-29
-57,-19,-29
-57,-18,-29
-57,-17,-29
-57,-16,-29
-57,-15,-29
-57,-14,-29
-57,-13,-29
-57,-12,-29
-57,-11,-29
-57,-10,-29
-57,-9,-29
-57,-8,-29
-57,-7,-29
-57,-6,-29
-57,-5,-29
-57,-4,-29
-57,-3,-29
-57,-2,-29
-57,-1,-29
-57,0,-29
-57,1,-29
-57,2,-29
-57,3,-29
-57,4,-29
-57,5,-29
-57,6,-29
-57,7,-29
-57,8,-29
-57,9,-29
-57,10,-29
-57,11,-29
-57,12,-29
-57,13,-29
-57,14,-29
-57,15,-29
-57,16,-29
-57,17,-29
-57,18,-29
-57,19,-29
-57,20,-29
-57,21,-29
-57,22,-29
-57,23,-29
-57,24,-29
-57,25,-29
-57,26,-29
-57,27,-29
-57,28,-29
-57,29,-29
-57,30,-29
-57,31,-29
-57,32,-29
-57,33,-29
-43,-1,-29
-43,0,-29
-43,1,-29
-42,-3,-29
-42,-2,-29
-42,2,-29
-42,3,-29
-41,-4,-29
-41,4,-29
-40,-5,-29
-40,5,-29
-38,-6,-29
-38,6,-29
-44,-1,-30
-44,0,-30
-44,1,-30
-43,-3,-30
-43,-2,-30
-43,2,-30
-43,3,-30
-42,-4,-30
-42,4,-30
-41,-5,-30
-41,5,-30
-39,-6,-30
-39,6,-30
-45,-1,-31
-45,0,-31
-45,1,-31
-44,-3,-31
-44,-2,-31
-44,2,-31
-44,3,-31
-43,-4,-31
-43,4,-31
-42,-5,-31
-42,5,-31
-40,-6,-31
-40,6,-31
-46,-1,-32
-46,0,-32
-46,1,-32
-45,-3,-32
-45,-2,-32
-45,2,-32
-45,3,-32
-44,-4,-32
-44,4,-32
-43,-5,-32
-43,5,-32
-41,-6,-32
-41,6,-32
-47,-1,-33
-47,0,-33
-47,1,-33
-46,-3,-33
-46,-2,-33
-46,2,-33
-46,3,-33
-45,-4,-33
-45,4,-33
-44,-5,-33
-44,5,-33
-42,-6,-33
-42,6,-33
-48,-1,-34
-48,0,-34
-48,1,-34
-47,-3,-34
-47,-2,-34
-47,2,-34
-47,3,-34
-46,-4,-34
-46,4,-34
-45,-5,-34
-45,5,-34
-43,-6,-34
-43,6,-34
-49,-1,-35
-49,0,-35
-49,1,-35
-48,-3,-35
-48,-2,-35
-48,2,-35
-48,3,-35
-47,-4,-35
-47,4,-35
-46,-5,-35
-46,5,-35
-44,-6,-35
-44,6,-35
-50,-1,-36
-50,0,-36
-50,1,-36
-49,-3,-36
-49,-2,-36
-49,2,-36
-49,3,-36
-48,-4,-36
-48,4,-36
-47,-5,-36
-47,5,-36
-45,-6,-36
-45,6,-36
-51,-1,-37
-51,0,-37
-51,1,-37
-50,-3,-37
-50,-2,-37
-50,2,-37
-50,3,-37
-49,-4,-37
-49,4,-37
-48,-5,-37
-48,5,-37
-46,-6,-37
-46,6,-37
-52,-1,-38
-52,0,-38
-52,1,-38
-51,-3,-38
-51,-2,-38
-51,2,-38
-51,3,-38
-50,-4,-38
-50,4,-38
-49,-5,-38
-49,5,-38
-47,-6,-38
-47,6,-38
-53,-1,-39
-53,0,-39
-53,1,-39
-52,-3,-39
-52,-2,-39
-52,2,-39
-52,3,-39
-51,-4,-39
-51,4,-39
-50,-5,-39
-50,5,-39
-48,-6,-39
-48,6,-39
-54,-1,-40
-54,0,-40
-54,1,-40
-53,-3,-40
-53,-2,-40
-53,2,-40
-53,3,-40
-52,-4,-40
-52,4,-40
-51,-5,-40
-51,5,-40
-49,-6,-40
-49,6,-40
-55,-1,-41
-55,0,-41
-55,1,-41
-54,-3,-41
-54,-2,-41
-54,2,-41
-54,3,-41
-53,-4,-41
-53,4,-41
-52,-5,-41
-52,5,-41
-50,-6,-41
-50,6,-41
-56,-1,-42
-56,0,-42
-56,1,-42
-55,-3,-42
-55,-2,-42
-55,2,-42
-55,3,-42
-54,-4,-42
-54,4,-42
-53,-5,-42
-53,5,-42
-51,-6,-42
-51,6,-42
-56,-3,-43
-56,-2,-43
-56,2,-43
-56,3,-43
-55,-4,-43
-55,4,-43
-54,-5,-43
-54,5,-43
-52,-6,-43
-52,6,-43
-56,-4,-44
-56,4,-44
-55,-5,-44
-55,5,-44
-53,-6,-44
-53,6,-44
-56,-5,-45
-56,5,-45
-54,-6,-45
-54,6,-45
-55,-6,-46
-55,6,-46
-56,-6,-47
-56,6,-47
-120,40,-56
-113,40,-56
-106,40,-56
-99,40,-56
-92,40,-56
-85,40,-56
-78,40,-56
-71,40,-56
-64,40,-56
-58,34,-57
-58,35,-57
-58,39,-57
-125,40,-69
-118,40,-69
-126,40,-70
-111,40,-70
-127,40,-71
-11,10,-74
-10,10,-74
